date,city,zone,population,temperature,rainfall,water_demand_mld
2023-01-01,Chennai,ALL,5000000,31.49,2.72,820.0
2023-01-01,Chennai,North,1500000,31.49,2.72,246.0
2023-01-01,Chennai,Central,1750000,31.49,2.72,287.0
2023-01-01,Chennai,South,1750000,31.49,2.72,287.0
2023-01-02,Chennai,ALL,5000000,31.94,6.05,779.0
2023-01-02,Chennai,North,1500000,31.94,6.05,233.7
2023-01-02,Chennai,Central,1750000,31.94,6.05,272.65
2023-01-02,Chennai,South,1750000,31.94,6.05,272.65
2023-01-03,Chennai,ALL,5000000,29.3,2.53,820.0
2023-01-03,Chennai,North,1500000,29.3,2.53,246.0
2023-01-03,Chennai,Central,1750000,29.3,2.53,287.0
2023-01-03,Chennai,South,1750000,29.3,2.53,287.0
2023-01-04,Chennai,ALL,5000000,34.74,4.53,861.0
2023-01-04,Chennai,North,1500000,34.74,4.53,258.3
2023-01-04,Chennai,Central,1750000,34.74,4.53,301.35
2023-01-04,Chennai,South,1750000,34.74,4.53,301.35
2023-01-05,Chennai,ALL,5000000,28.59,4.09,820.0
2023-01-05,Chennai,North,1500000,28.59,4.09,246.0
2023-01-05,Chennai,Central,1750000,28.59,4.09,287.0
2023-01-05,Chennai,South,1750000,28.59,4.09,287.0
2023-01-06,Chennai,ALL,5000000,28.61,2.07,820.0
2023-01-06,Chennai,North,1500000,28.61,2.07,246.0
2023-01-06,Chennai,Central,1750000,28.61,2.07,287.0
2023-01-06,Chennai,South,1750000,28.61,2.07,287.0
2023-01-07,Chennai,ALL,5000000,30.73,0.0,820.0
2023-01-07,Chennai,North,1500000,30.73,0.0,246.0
2023-01-07,Chennai,Central,1750000,30.73,0.0,287.0
2023-01-07,Chennai,South,1750000,30.73,0.0,287.0
2023-01-08,Chennai,ALL,5000000,24.83,1.88,820.0
2023-01-08,Chennai,North,1500000,24.83,1.88,246.0
2023-01-08,Chennai,Central,1750000,24.83,1.88,287.0
2023-01-08,Chennai,South,1750000,24.83,1.88,287.0
2023-01-09,Chennai,ALL,5000000,26.96,3.63,820.0
2023-01-09,Chennai,North,1500000,26.96,3.63,246.0
2023-01-09,Chennai,Central,1750000,26.96,3.63,287.0
2023-01-09,Chennai,South,1750000,26.96,3.63,287.0
2023-01-10,Chennai,ALL,5000000,27.28,0.18,820.0
2023-01-10,Chennai,North,1500000,27.28,0.18,246.0
2023-01-10,Chennai,Central,1750000,27.28,0.18,287.0
2023-01-10,Chennai,South,1750000,27.28,0.18,287.0
2023-01-11,Chennai,ALL,5000000,34.4,2.55,861.0
2023-01-11,Chennai,North,1500000,34.4,2.55,258.3
2023-01-11,Chennai,Central,1750000,34.4,2.55,301.35
2023-01-11,Chennai,South,1750000,34.4,2.55,301.35
2023-01-12,Chennai,ALL,5000000,30.2,0.15,820.0
2023-01-12,Chennai,North,1500000,30.2,0.15,246.0
2023-01-12,Chennai,Central,1750000,30.2,0.15,287.0
2023-01-12,Chennai,South,1750000,30.2,0.15,287.0
2023-01-13,Chennai,ALL,5000000,28.37,3.22,820.0
2023-01-13,Chennai,North,1500000,28.37,3.22,246.0
2023-01-13,Chennai,Central,1750000,28.37,3.22,287.0
2023-01-13,Chennai,South,1750000,28.37,3.22,287.0
2023-01-14,Chennai,ALL,5000000,26.55,3.75,820.0
2023-01-14,Chennai,North,1500000,26.55,3.75,246.0
2023-01-14,Chennai,Central,1750000,26.55,3.75,287.0
2023-01-14,Chennai,South,1750000,26.55,3.75,287.0
2023-01-15,Chennai,ALL,5000000,28.2,2.42,820.0
2023-01-15,Chennai,North,1500000,28.2,2.42,246.0
2023-01-15,Chennai,Central,1750000,28.2,2.42,287.0
2023-01-15,Chennai,South,1750000,28.2,2.42,287.0
2023-01-16,Chennai,ALL,5000000,28.19,6.7,779.0
2023-01-16,Chennai,North,1500000,28.19,6.7,233.7
2023-01-16,Chennai,Central,1750000,28.19,6.7,272.65
2023-01-16,Chennai,South,1750000,28.19,6.7,272.65
2023-01-17,Chennai,ALL,5000000,29.96,0.88,820.0
2023-01-17,Chennai,North,1500000,29.96,0.88,246.0
2023-01-17,Chennai,Central,1750000,29.96,0.88,287.0
2023-01-17,Chennai,South,1750000,29.96,0.88,287.0
2023-01-18,Chennai,ALL,5000000,32.47,0.56,861.0
2023-01-18,Chennai,North,1500000,32.47,0.56,258.3
2023-01-18,Chennai,Central,1750000,32.47,0.56,301.35
2023-01-18,Chennai,South,1750000,32.47,0.56,301.35
2023-01-19,Chennai,ALL,5000000,30.63,0.0,820.0
2023-01-19,Chennai,North,1500000,30.63,0.0,246.0
2023-01-19,Chennai,Central,1750000,30.63,0.0,287.0
2023-01-19,Chennai,South,1750000,30.63,0.0,287.0
2023-01-20,Chennai,ALL,5000000,26.02,3.39,820.0
2023-01-20,Chennai,North,1500000,26.02,3.39,246.0
2023-01-20,Chennai,Central,1750000,26.02,3.39,287.0
2023-01-20,Chennai,South,1750000,26.02,3.39,287.0
2023-01-21,Chennai,ALL,5000000,32.22,3.34,861.0
2023-01-21,Chennai,North,1500000,32.22,3.34,258.3
2023-01-21,Chennai,Central,1750000,32.22,3.34,301.35
2023-01-21,Chennai,South,1750000,32.22,3.34,301.35
2023-01-22,Chennai,ALL,5000000,29.65,2.4,820.0
2023-01-22,Chennai,North,1500000,29.65,2.4,246.0
2023-01-22,Chennai,Central,1750000,29.65,2.4,287.0
2023-01-22,Chennai,South,1750000,29.65,2.4,287.0
2023-01-23,Chennai,ALL,5000000,25.56,1.56,820.0
2023-01-23,Chennai,North,1500000,25.56,1.56,246.0
2023-01-23,Chennai,Central,1750000,25.56,1.56,287.0
2023-01-23,Chennai,South,1750000,25.56,1.56,287.0
2023-01-24,Chennai,ALL,5000000,28.62,5.11,820.0
2023-01-24,Chennai,North,1500000,28.62,5.11,246.0
2023-01-24,Chennai,Central,1750000,28.62,5.11,287.0
2023-01-24,Chennai,South,1750000,28.62,5.11,287.0
2023-01-25,Chennai,ALL,5000000,31.03,0.0,820.0
2023-01-25,Chennai,North,1500000,31.03,0.0,246.0
2023-01-25,Chennai,Central,1750000,31.03,0.0,287.0
2023-01-25,Chennai,South,1750000,31.03,0.0,287.0
2023-01-26,Chennai,ALL,5000000,30.97,2.23,820.0
2023-01-26,Chennai,North,1500000,30.97,2.23,246.0
2023-01-26,Chennai,Central,1750000,30.97,2.23,287.0
2023-01-26,Chennai,South,1750000,30.97,2.23,287.0
2023-01-27,Chennai,ALL,5000000,27.97,4.22,820.0
2023-01-27,Chennai,North,1500000,27.97,4.22,246.0
2023-01-27,Chennai,Central,1750000,27.97,4.22,287.0
2023-01-27,Chennai,South,1750000,27.97,4.22,287.0
2023-01-28,Chennai,ALL,5000000,33.09,4.86,861.0
2023-01-28,Chennai,North,1500000,33.09,4.86,258.3
2023-01-28,Chennai,Central,1750000,33.09,4.86,301.35
2023-01-28,Chennai,South,1750000,33.09,4.86,301.35
2023-01-29,Chennai,ALL,5000000,27.48,2.38,820.0
2023-01-29,Chennai,North,1500000,27.48,2.38,246.0
2023-01-29,Chennai,Central,1750000,27.48,2.38,287.0
2023-01-29,Chennai,South,1750000,27.48,2.38,287.0
2023-01-30,Chennai,ALL,5000000,30.99,4.95,820.0
2023-01-30,Chennai,North,1500000,30.99,4.95,246.0
2023-01-30,Chennai,Central,1750000,30.99,4.95,287.0
2023-01-30,Chennai,South,1750000,30.99,4.95,287.0
2023-01-31,Chennai,ALL,5000000,28.56,2.63,820.0
2023-01-31,Chennai,North,1500000,28.56,2.63,246.0
2023-01-31,Chennai,Central,1750000,28.56,2.63,287.0
2023-01-31,Chennai,South,1750000,28.56,2.63,287.0
2023-02-01,Chennai,ALL,5000000,26.68,0.61,820.0
2023-02-01,Chennai,North,1500000,26.68,0.61,246.0
2023-02-01,Chennai,Central,1750000,26.68,0.61,287.0
2023-02-01,Chennai,South,1750000,26.68,0.61,287.0
2023-02-02,Chennai,ALL,5000000,32.44,5.71,861.0
2023-02-02,Chennai,North,1500000,32.44,5.71,258.3
2023-02-02,Chennai,Central,1750000,32.44,5.71,301.35
2023-02-02,Chennai,South,1750000,32.44,5.71,301.35
2023-02-03,Chennai,ALL,5000000,29.78,5.01,820.0
2023-02-03,Chennai,North,1500000,29.78,5.01,246.0
2023-02-03,Chennai,Central,1750000,29.78,5.01,287.0
2023-02-03,Chennai,South,1750000,29.78,5.01,287.0
2023-02-04,Chennai,ALL,5000000,31.08,1.71,820.0
2023-02-04,Chennai,North,1500000,31.08,1.71,246.0
2023-02-04,Chennai,Central,1750000,31.08,1.71,287.0
2023-02-04,Chennai,South,1750000,31.08,1.71,287.0
2023-02-05,Chennai,ALL,5000000,31.08,6.08,779.0
2023-02-05,Chennai,North,1500000,31.08,6.08,233.7
2023-02-05,Chennai,Central,1750000,31.08,6.08,272.65
2023-02-05,Chennai,South,1750000,31.08,6.08,272.65
2023-02-06,Chennai,ALL,5000000,29.89,6.13,779.0
2023-02-06,Chennai,North,1500000,29.89,6.13,233.7
2023-02-06,Chennai,Central,1750000,29.89,6.13,272.65
2023-02-06,Chennai,South,1750000,29.89,6.13,272.65
2023-02-07,Chennai,ALL,5000000,22.14,4.64,820.0
2023-02-07,Chennai,North,1500000,22.14,4.64,246.0
2023-02-07,Chennai,Central,1750000,22.14,4.64,287.0
2023-02-07,Chennai,South,1750000,22.14,4.64,287.0
2023-02-08,Chennai,ALL,5000000,30.26,2.4,820.0
2023-02-08,Chennai,North,1500000,30.26,2.4,246.0
2023-02-08,Chennai,Central,1750000,30.26,2.4,287.0
2023-02-08,Chennai,South,1750000,30.26,2.4,287.0
2023-02-09,Chennai,ALL,5000000,30.28,0.0,820.0
2023-02-09,Chennai,North,1500000,30.28,0.0,246.0
2023-02-09,Chennai,Central,1750000,30.28,0.0,287.0
2023-02-09,Chennai,South,1750000,30.28,0.0,287.0
2023-02-10,Chennai,ALL,5000000,29.34,3.71,820.0
2023-02-10,Chennai,North,1500000,29.34,3.71,246.0
2023-02-10,Chennai,Central,1750000,29.34,3.71,287.0
2023-02-10,Chennai,South,1750000,29.34,3.71,287.0
2023-02-11,Chennai,ALL,5000000,34.43,1.96,861.0
2023-02-11,Chennai,North,1500000,34.43,1.96,258.3
2023-02-11,Chennai,Central,1750000,34.43,1.96,301.35
2023-02-11,Chennai,South,1750000,34.43,1.96,301.35
2023-02-12,Chennai,ALL,5000000,27.57,2.0,820.0
2023-02-12,Chennai,North,1500000,27.57,2.0,246.0
2023-02-12,Chennai,Central,1750000,27.57,2.0,287.0
2023-02-12,Chennai,South,1750000,27.57,2.0,287.0
2023-02-13,Chennai,ALL,5000000,32.75,3.66,861.0
2023-02-13,Chennai,North,1500000,32.75,3.66,258.3
2023-02-13,Chennai,Central,1750000,32.75,3.66,301.35
2023-02-13,Chennai,South,1750000,32.75,3.66,301.35
2023-02-14,Chennai,ALL,5000000,28.41,4.03,820.0
2023-02-14,Chennai,North,1500000,28.41,4.03,246.0
2023-02-14,Chennai,Central,1750000,28.41,4.03,287.0
2023-02-14,Chennai,South,1750000,28.41,4.03,287.0
2023-02-15,Chennai,ALL,5000000,30.29,4.94,820.0
2023-02-15,Chennai,North,1500000,30.29,4.94,246.0
2023-02-15,Chennai,Central,1750000,30.29,4.94,287.0
2023-02-15,Chennai,South,1750000,30.29,4.94,287.0
2023-02-16,Chennai,ALL,5000000,27.89,2.34,820.0
2023-02-16,Chennai,North,1500000,27.89,2.34,246.0
2023-02-16,Chennai,Central,1750000,27.89,2.34,287.0
2023-02-16,Chennai,South,1750000,27.89,2.34,287.0
2023-02-17,Chennai,ALL,5000000,28.82,0.07,820.0
2023-02-17,Chennai,North,1500000,28.82,0.07,246.0
2023-02-17,Chennai,Central,1750000,28.82,0.07,287.0
2023-02-17,Chennai,South,1750000,28.82,0.07,287.0
2023-02-18,Chennai,ALL,5000000,30.89,3.52,820.0
2023-02-18,Chennai,North,1500000,30.89,3.52,246.0
2023-02-18,Chennai,Central,1750000,30.89,3.52,287.0
2023-02-18,Chennai,South,1750000,30.89,3.52,287.0
2023-02-19,Chennai,ALL,5000000,30.02,2.53,820.0
2023-02-19,Chennai,North,1500000,30.02,2.53,246.0
2023-02-19,Chennai,Central,1750000,30.02,2.53,287.0
2023-02-19,Chennai,South,1750000,30.02,2.53,287.0
2023-02-20,Chennai,ALL,5000000,25.75,2.16,820.0
2023-02-20,Chennai,North,1500000,25.75,2.16,246.0
2023-02-20,Chennai,Central,1750000,25.75,2.16,287.0
2023-02-20,Chennai,South,1750000,25.75,2.16,287.0
2023-02-21,Chennai,ALL,5000000,28.97,1.4,820.0
2023-02-21,Chennai,North,1500000,28.97,1.4,246.0
2023-02-21,Chennai,Central,1750000,28.97,1.4,287.0
2023-02-21,Chennai,South,1750000,28.97,1.4,287.0
2023-02-22,Chennai,ALL,5000000,29.52,3.81,820.0
2023-02-22,Chennai,North,1500000,29.52,3.81,246.0
2023-02-22,Chennai,Central,1750000,29.52,3.81,287.0
2023-02-22,Chennai,South,1750000,29.52,3.81,287.0
2023-02-23,Chennai,ALL,5000000,35.66,3.35,861.0
2023-02-23,Chennai,North,1500000,35.66,3.35,258.3
2023-02-23,Chennai,Central,1750000,35.66,3.35,301.35
2023-02-23,Chennai,South,1750000,35.66,3.35,301.35
2023-02-24,Chennai,ALL,5000000,30.77,2.85,820.0
2023-02-24,Chennai,North,1500000,30.77,2.85,246.0
2023-02-24,Chennai,Central,1750000,30.77,2.85,287.0
2023-02-24,Chennai,South,1750000,30.77,2.85,287.0
2023-02-25,Chennai,ALL,5000000,24.24,2.95,820.0
2023-02-25,Chennai,North,1500000,24.24,2.95,246.0
2023-02-25,Chennai,Central,1750000,24.24,2.95,287.0
2023-02-25,Chennai,South,1750000,24.24,2.95,287.0
2023-02-26,Chennai,ALL,5000000,30.18,7.93,779.0
2023-02-26,Chennai,North,1500000,30.18,7.93,233.7
2023-02-26,Chennai,Central,1750000,30.18,7.93,272.65
2023-02-26,Chennai,South,1750000,30.18,7.93,272.65
2023-02-27,Chennai,ALL,5000000,29.42,3.6,820.0
2023-02-27,Chennai,North,1500000,29.42,3.6,246.0
2023-02-27,Chennai,Central,1750000,29.42,3.6,287.0
2023-02-27,Chennai,South,1750000,29.42,3.6,287.0
2023-02-28,Chennai,ALL,5000000,29.9,0.66,820.0
2023-02-28,Chennai,North,1500000,29.9,0.66,246.0
2023-02-28,Chennai,Central,1750000,29.9,0.66,287.0
2023-02-28,Chennai,South,1750000,29.9,0.66,287.0
2023-03-01,Chennai,ALL,5000000,33.43,4.5,861.0
2023-03-01,Chennai,North,1500000,33.43,4.5,258.3
2023-03-01,Chennai,Central,1750000,33.43,4.5,301.35
2023-03-01,Chennai,South,1750000,33.43,4.5,301.35
2023-03-02,Chennai,ALL,5000000,32.37,1.18,861.0
2023-03-02,Chennai,North,1500000,32.37,1.18,258.3
2023-03-02,Chennai,Central,1750000,32.37,1.18,301.35
2023-03-02,Chennai,South,1750000,32.37,1.18,301.35
2023-03-03,Chennai,ALL,5000000,34.21,0.2,861.0
2023-03-03,Chennai,North,1500000,34.21,0.2,258.3
2023-03-03,Chennai,Central,1750000,34.21,0.2,301.35
2023-03-03,Chennai,South,1750000,34.21,0.2,301.35
2023-03-04,Chennai,ALL,5000000,31.76,7.38,779.0
2023-03-04,Chennai,North,1500000,31.76,7.38,233.7
2023-03-04,Chennai,Central,1750000,31.76,7.38,272.65
2023-03-04,Chennai,South,1750000,31.76,7.38,272.65
2023-03-05,Chennai,ALL,5000000,27.03,1.87,820.0
2023-03-05,Chennai,North,1500000,27.03,1.87,246.0
2023-03-05,Chennai,Central,1750000,27.03,1.87,287.0
2023-03-05,Chennai,South,1750000,27.03,1.87,287.0
2023-03-06,Chennai,ALL,5000000,30.3,1.99,820.0
2023-03-06,Chennai,North,1500000,30.3,1.99,246.0
2023-03-06,Chennai,Central,1750000,30.3,1.99,287.0
2023-03-06,Chennai,South,1750000,30.3,1.99,287.0
2023-03-07,Chennai,ALL,5000000,25.35,3.14,820.0
2023-03-07,Chennai,North,1500000,25.35,3.14,246.0
2023-03-07,Chennai,Central,1750000,25.35,3.14,287.0
2023-03-07,Chennai,South,1750000,25.35,3.14,287.0
2023-03-08,Chennai,ALL,5000000,26.81,3.95,820.0
2023-03-08,Chennai,North,1500000,26.81,3.95,246.0
2023-03-08,Chennai,Central,1750000,26.81,3.95,287.0
2023-03-08,Chennai,South,1750000,26.81,3.95,287.0
2023-03-09,Chennai,ALL,5000000,27.24,6.1,779.0
2023-03-09,Chennai,North,1500000,27.24,6.1,233.7
2023-03-09,Chennai,Central,1750000,27.24,6.1,272.65
2023-03-09,Chennai,South,1750000,27.24,6.1,272.65
2023-03-10,Chennai,ALL,5000000,27.65,2.36,820.0
2023-03-10,Chennai,North,1500000,27.65,2.36,246.0
2023-03-10,Chennai,Central,1750000,27.65,2.36,287.0
2023-03-10,Chennai,South,1750000,27.65,2.36,287.0
2023-03-11,Chennai,ALL,5000000,32.44,0.54,861.0
2023-03-11,Chennai,North,1500000,32.44,0.54,258.3
2023-03-11,Chennai,Central,1750000,32.44,0.54,301.35
2023-03-11,Chennai,South,1750000,32.44,0.54,301.35
2023-03-12,Chennai,ALL,5000000,30.68,5.61,820.0
2023-03-12,Chennai,North,1500000,30.68,5.61,246.0
2023-03-12,Chennai,Central,1750000,30.68,5.61,287.0
2023-03-12,Chennai,South,1750000,30.68,5.61,287.0
2023-03-13,Chennai,ALL,5000000,25.18,3.37,820.0
2023-03-13,Chennai,North,1500000,25.18,3.37,246.0
2023-03-13,Chennai,Central,1750000,25.18,3.37,287.0
2023-03-13,Chennai,South,1750000,25.18,3.37,287.0
2023-03-14,Chennai,ALL,5000000,30.78,4.56,820.0
2023-03-14,Chennai,North,1500000,30.78,4.56,246.0
2023-03-14,Chennai,Central,1750000,30.78,4.56,287.0
2023-03-14,Chennai,South,1750000,30.78,4.56,287.0
2023-03-15,Chennai,ALL,5000000,26.29,0.36,820.0
2023-03-15,Chennai,North,1500000,26.29,0.36,246.0
2023-03-15,Chennai,Central,1750000,26.29,0.36,287.0
2023-03-15,Chennai,South,1750000,26.29,0.36,287.0
2023-03-16,Chennai,ALL,5000000,31.57,3.59,820.0
2023-03-16,Chennai,North,1500000,31.57,3.59,246.0
2023-03-16,Chennai,Central,1750000,31.57,3.59,287.0
2023-03-16,Chennai,South,1750000,31.57,3.59,287.0
2023-03-17,Chennai,ALL,5000000,30.75,3.69,820.0
2023-03-17,Chennai,North,1500000,30.75,3.69,246.0
2023-03-17,Chennai,Central,1750000,30.75,3.69,287.0
2023-03-17,Chennai,South,1750000,30.75,3.69,287.0
2023-03-18,Chennai,ALL,5000000,27.96,3.46,820.0
2023-03-18,Chennai,North,1500000,27.96,3.46,246.0
2023-03-18,Chennai,Central,1750000,27.96,3.46,287.0
2023-03-18,Chennai,South,1750000,27.96,3.46,287.0
2023-03-19,Chennai,ALL,5000000,30.88,1.57,820.0
2023-03-19,Chennai,North,1500000,30.88,1.57,246.0
2023-03-19,Chennai,Central,1750000,30.88,1.57,287.0
2023-03-19,Chennai,South,1750000,30.88,1.57,287.0
2023-03-20,Chennai,ALL,5000000,35.6,3.95,861.0
2023-03-20,Chennai,North,1500000,35.6,3.95,258.3
2023-03-20,Chennai,Central,1750000,35.6,3.95,301.35
2023-03-20,Chennai,South,1750000,35.6,3.95,301.35
2023-03-21,Chennai,ALL,5000000,26.43,4.31,820.0
2023-03-21,Chennai,North,1500000,26.43,4.31,246.0
2023-03-21,Chennai,Central,1750000,26.43,4.31,287.0
2023-03-21,Chennai,South,1750000,26.43,4.31,287.0
2023-03-22,Chennai,ALL,5000000,27.08,4.57,820.0
2023-03-22,Chennai,North,1500000,27.08,4.57,246.0
2023-03-22,Chennai,Central,1750000,27.08,4.57,287.0
2023-03-22,Chennai,South,1750000,27.08,4.57,287.0
2023-03-23,Chennai,ALL,5000000,33.48,1.36,861.0
2023-03-23,Chennai,North,1500000,33.48,1.36,258.3
2023-03-23,Chennai,Central,1750000,33.48,1.36,301.35
2023-03-23,Chennai,South,1750000,33.48,1.36,301.35
2023-03-24,Chennai,ALL,5000000,32.89,3.83,861.0
2023-03-24,Chennai,North,1500000,32.89,3.83,258.3
2023-03-24,Chennai,Central,1750000,32.89,3.83,301.35
2023-03-24,Chennai,South,1750000,32.89,3.83,301.35
2023-03-25,Chennai,ALL,5000000,32.47,6.79,861.0
2023-03-25,Chennai,North,1500000,32.47,6.79,258.3
2023-03-25,Chennai,Central,1750000,32.47,6.79,301.35
2023-03-25,Chennai,South,1750000,32.47,6.79,301.35
2023-03-26,Chennai,ALL,5000000,29.26,1.49,820.0
2023-03-26,Chennai,North,1500000,29.26,1.49,246.0
2023-03-26,Chennai,Central,1750000,29.26,1.49,287.0
2023-03-26,Chennai,South,1750000,29.26,1.49,287.0
2023-03-27,Chennai,ALL,5000000,27.33,1.37,820.0
2023-03-27,Chennai,North,1500000,27.33,1.37,246.0
2023-03-27,Chennai,Central,1750000,27.33,1.37,287.0
2023-03-27,Chennai,South,1750000,27.33,1.37,287.0
2023-03-28,Chennai,ALL,5000000,29.77,3.68,820.0
2023-03-28,Chennai,North,1500000,29.77,3.68,246.0
2023-03-28,Chennai,Central,1750000,29.77,3.68,287.0
2023-03-28,Chennai,South,1750000,29.77,3.68,287.0
2023-03-29,Chennai,ALL,5000000,30.83,4.65,820.0
2023-03-29,Chennai,North,1500000,30.83,4.65,246.0
2023-03-29,Chennai,Central,1750000,30.83,4.65,287.0
2023-03-29,Chennai,South,1750000,30.83,4.65,287.0
2023-03-30,Chennai,ALL,5000000,30.04,5.91,820.0
2023-03-30,Chennai,North,1500000,30.04,5.91,246.0
2023-03-30,Chennai,Central,1750000,30.04,5.91,287.0
2023-03-30,Chennai,South,1750000,30.04,5.91,287.0
2023-03-31,Chennai,ALL,5000000,29.21,8.44,779.0
2023-03-31,Chennai,North,1500000,29.21,8.44,233.7
2023-03-31,Chennai,Central,1750000,29.21,8.44,272.65
2023-03-31,Chennai,South,1750000,29.21,8.44,272.65
2023-04-01,Chennai,ALL,5000000,31.88,1.29,820.0
2023-04-01,Chennai,North,1500000,31.88,1.29,246.0
2023-04-01,Chennai,Central,1750000,31.88,1.29,287.0
2023-04-01,Chennai,South,1750000,31.88,1.29,287.0
2023-04-02,Chennai,ALL,5000000,26.79,3.96,820.0
2023-04-02,Chennai,North,1500000,26.79,3.96,246.0
2023-04-02,Chennai,Central,1750000,26.79,3.96,287.0
2023-04-02,Chennai,South,1750000,26.79,3.96,287.0
2023-04-03,Chennai,ALL,5000000,29.33,4.43,820.0
2023-04-03,Chennai,North,1500000,29.33,4.43,246.0
2023-04-03,Chennai,Central,1750000,29.33,4.43,287.0
2023-04-03,Chennai,South,1750000,29.33,4.43,287.0
2023-04-04,Chennai,ALL,5000000,31.42,2.85,820.0
2023-04-04,Chennai,North,1500000,31.42,2.85,246.0
2023-04-04,Chennai,Central,1750000,31.42,2.85,287.0
2023-04-04,Chennai,South,1750000,31.42,2.85,287.0
2023-04-05,Chennai,ALL,5000000,27.46,0.0,820.0
2023-04-05,Chennai,North,1500000,27.46,0.0,246.0
2023-04-05,Chennai,Central,1750000,27.46,0.0,287.0
2023-04-05,Chennai,South,1750000,27.46,0.0,287.0
2023-04-06,Chennai,ALL,5000000,28.66,4.71,820.0
2023-04-06,Chennai,North,1500000,28.66,4.71,246.0
2023-04-06,Chennai,Central,1750000,28.66,4.71,287.0
2023-04-06,Chennai,South,1750000,28.66,4.71,287.0
2023-04-07,Chennai,ALL,5000000,30.64,0.51,820.0
2023-04-07,Chennai,North,1500000,30.64,0.51,246.0
2023-04-07,Chennai,Central,1750000,30.64,0.51,287.0
2023-04-07,Chennai,South,1750000,30.64,0.51,287.0
2023-04-08,Chennai,ALL,5000000,30.52,3.77,820.0
2023-04-08,Chennai,North,1500000,30.52,3.77,246.0
2023-04-08,Chennai,Central,1750000,30.52,3.77,287.0
2023-04-08,Chennai,South,1750000,30.52,3.77,287.0
2023-04-09,Chennai,ALL,5000000,27.35,3.31,820.0
2023-04-09,Chennai,North,1500000,27.35,3.31,246.0
2023-04-09,Chennai,Central,1750000,27.35,3.31,287.0
2023-04-09,Chennai,South,1750000,27.35,3.31,287.0
2023-04-10,Chennai,ALL,5000000,30.17,0.71,820.0
2023-04-10,Chennai,North,1500000,30.17,0.71,246.0
2023-04-10,Chennai,Central,1750000,30.17,0.71,287.0
2023-04-10,Chennai,South,1750000,30.17,0.71,287.0
2023-04-11,Chennai,ALL,5000000,31.07,4.12,820.0
2023-04-11,Chennai,North,1500000,31.07,4.12,246.0
2023-04-11,Chennai,Central,1750000,31.07,4.12,287.0
2023-04-11,Chennai,South,1750000,31.07,4.12,287.0
2023-04-12,Chennai,ALL,5000000,33.25,5.11,861.0
2023-04-12,Chennai,North,1500000,33.25,5.11,258.3
2023-04-12,Chennai,Central,1750000,33.25,5.11,301.35
2023-04-12,Chennai,South,1750000,33.25,5.11,301.35
2023-04-13,Chennai,ALL,5000000,25.87,1.12,820.0
2023-04-13,Chennai,North,1500000,25.87,1.12,246.0
2023-04-13,Chennai,Central,1750000,25.87,1.12,287.0
2023-04-13,Chennai,South,1750000,25.87,1.12,287.0
2023-04-14,Chennai,ALL,5000000,31.55,4.03,820.0
2023-04-14,Chennai,North,1500000,31.55,4.03,246.0
2023-04-14,Chennai,Central,1750000,31.55,4.03,287.0
2023-04-14,Chennai,South,1750000,31.55,4.03,287.0
2023-04-15,Chennai,ALL,5000000,31.55,10.71,779.0
2023-04-15,Chennai,North,1500000,31.55,10.71,233.7
2023-04-15,Chennai,Central,1750000,31.55,10.71,272.65
2023-04-15,Chennai,South,1750000,31.55,10.71,272.65
2023-04-16,Chennai,ALL,5000000,31.71,5.27,820.0
2023-04-16,Chennai,North,1500000,31.71,5.27,246.0
2023-04-16,Chennai,Central,1750000,31.71,5.27,287.0
2023-04-16,Chennai,South,1750000,31.71,5.27,287.0
2023-04-17,Chennai,ALL,5000000,32.86,4.3,861.0
2023-04-17,Chennai,North,1500000,32.86,4.3,258.3
2023-04-17,Chennai,Central,1750000,32.86,4.3,301.35
2023-04-17,Chennai,South,1750000,32.86,4.3,301.35
2023-04-18,Chennai,ALL,5000000,29.05,4.52,820.0
2023-04-18,Chennai,North,1500000,29.05,4.52,246.0
2023-04-18,Chennai,Central,1750000,29.05,4.52,287.0
2023-04-18,Chennai,South,1750000,29.05,4.52,287.0
2023-04-19,Chennai,ALL,5000000,27.68,2.53,820.0
2023-04-19,Chennai,North,1500000,27.68,2.53,246.0
2023-04-19,Chennai,Central,1750000,27.68,2.53,287.0
2023-04-19,Chennai,South,1750000,27.68,2.53,287.0
2023-04-20,Chennai,ALL,5000000,28.54,3.16,820.0
2023-04-20,Chennai,North,1500000,28.54,3.16,246.0
2023-04-20,Chennai,Central,1750000,28.54,3.16,287.0
2023-04-20,Chennai,South,1750000,28.54,3.16,287.0
2023-04-21,Chennai,ALL,5000000,36.94,0.0,861.0
2023-04-21,Chennai,North,1500000,36.94,0.0,258.3
2023-04-21,Chennai,Central,1750000,36.94,0.0,301.35
2023-04-21,Chennai,South,1750000,36.94,0.0,301.35
2023-04-22,Chennai,ALL,5000000,32.06,0.0,861.0
2023-04-22,Chennai,North,1500000,32.06,0.0,258.3
2023-04-22,Chennai,Central,1750000,32.06,0.0,301.35
2023-04-22,Chennai,South,1750000,32.06,0.0,301.35
2023-04-23,Chennai,ALL,5000000,28.58,5.18,820.0
2023-04-23,Chennai,North,1500000,28.58,5.18,246.0
2023-04-23,Chennai,Central,1750000,28.58,5.18,287.0
2023-04-23,Chennai,South,1750000,28.58,5.18,287.0
2023-04-24,Chennai,ALL,5000000,30.19,0.84,820.0
2023-04-24,Chennai,North,1500000,30.19,0.84,246.0
2023-04-24,Chennai,Central,1750000,30.19,0.84,287.0
2023-04-24,Chennai,South,1750000,30.19,0.84,287.0
2023-04-25,Chennai,ALL,5000000,27.85,4.36,820.0
2023-04-25,Chennai,North,1500000,27.85,4.36,246.0
2023-04-25,Chennai,Central,1750000,27.85,4.36,287.0
2023-04-25,Chennai,South,1750000,27.85,4.36,287.0
2023-04-26,Chennai,ALL,5000000,27.81,3.43,820.0
2023-04-26,Chennai,North,1500000,27.81,3.43,246.0
2023-04-26,Chennai,Central,1750000,27.81,3.43,287.0
2023-04-26,Chennai,South,1750000,27.81,3.43,287.0
2023-04-27,Chennai,ALL,5000000,30.14,1.7,820.0
2023-04-27,Chennai,North,1500000,30.14,1.7,246.0
2023-04-27,Chennai,Central,1750000,30.14,1.7,287.0
2023-04-27,Chennai,South,1750000,30.14,1.7,287.0
2023-04-28,Chennai,ALL,5000000,36.43,4.27,861.0
2023-04-28,Chennai,North,1500000,36.43,4.27,258.3
2023-04-28,Chennai,Central,1750000,36.43,4.27,301.35
2023-04-28,Chennai,South,1750000,36.43,4.27,301.35
2023-04-29,Chennai,ALL,5000000,23.92,3.37,820.0
2023-04-29,Chennai,North,1500000,23.92,3.37,246.0
2023-04-29,Chennai,Central,1750000,23.92,3.37,287.0
2023-04-29,Chennai,South,1750000,23.92,3.37,287.0
2023-04-30,Chennai,ALL,5000000,28.01,4.7,820.0
2023-04-30,Chennai,North,1500000,28.01,4.7,246.0
2023-04-30,Chennai,Central,1750000,28.01,4.7,287.0
2023-04-30,Chennai,South,1750000,28.01,4.7,287.0
2023-05-01,Chennai,ALL,5000000,27.62,2.77,820.0
2023-05-01,Chennai,North,1500000,27.62,2.77,246.0
2023-05-01,Chennai,Central,1750000,27.62,2.77,287.0
2023-05-01,Chennai,South,1750000,27.62,2.77,287.0
2023-05-02,Chennai,ALL,5000000,31.51,4.73,820.0
2023-05-02,Chennai,North,1500000,31.51,4.73,246.0
2023-05-02,Chennai,Central,1750000,31.51,4.73,287.0
2023-05-02,Chennai,South,1750000,31.51,4.73,287.0
2023-05-03,Chennai,ALL,5000000,26.4,2.33,820.0
2023-05-03,Chennai,North,1500000,26.4,2.33,246.0
2023-05-03,Chennai,Central,1750000,26.4,2.33,287.0
2023-05-03,Chennai,South,1750000,26.4,2.33,287.0
2023-05-04,Chennai,ALL,5000000,28.58,1.69,820.0
2023-05-04,Chennai,North,1500000,28.58,1.69,246.0
2023-05-04,Chennai,Central,1750000,28.58,1.69,287.0
2023-05-04,Chennai,South,1750000,28.58,1.69,287.0
2023-05-05,Chennai,ALL,5000000,35.3,3.81,861.0
2023-05-05,Chennai,North,1500000,35.3,3.81,258.3
2023-05-05,Chennai,Central,1750000,35.3,3.81,301.35
2023-05-05,Chennai,South,1750000,35.3,3.81,301.35
2023-05-06,Chennai,ALL,5000000,26.22,4.84,820.0
2023-05-06,Chennai,North,1500000,26.22,4.84,246.0
2023-05-06,Chennai,Central,1750000,26.22,4.84,287.0
2023-05-06,Chennai,South,1750000,26.22,4.84,287.0
2023-05-07,Chennai,ALL,5000000,36.37,5.06,861.0
2023-05-07,Chennai,North,1500000,36.37,5.06,258.3
2023-05-07,Chennai,Central,1750000,36.37,5.06,301.35
2023-05-07,Chennai,South,1750000,36.37,5.06,301.35
2023-05-08,Chennai,ALL,5000000,25.44,2.03,820.0
2023-05-08,Chennai,North,1500000,25.44,2.03,246.0
2023-05-08,Chennai,Central,1750000,25.44,2.03,287.0
2023-05-08,Chennai,South,1750000,25.44,2.03,287.0
2023-05-09,Chennai,ALL,5000000,33.8,1.58,861.0
2023-05-09,Chennai,North,1500000,33.8,1.58,258.3
2023-05-09,Chennai,Central,1750000,33.8,1.58,301.35
2023-05-09,Chennai,South,1750000,33.8,1.58,301.35
2023-05-10,Chennai,ALL,5000000,31.33,4.55,820.0
2023-05-10,Chennai,North,1500000,31.33,4.55,246.0
2023-05-10,Chennai,Central,1750000,31.33,4.55,287.0
2023-05-10,Chennai,South,1750000,31.33,4.55,287.0
2023-05-11,Chennai,ALL,5000000,27.22,2.88,820.0
2023-05-11,Chennai,North,1500000,27.22,2.88,246.0
2023-05-11,Chennai,Central,1750000,27.22,2.88,287.0
2023-05-11,Chennai,South,1750000,27.22,2.88,287.0
2023-05-12,Chennai,ALL,5000000,20.28,0.95,820.0
2023-05-12,Chennai,North,1500000,20.28,0.95,246.0
2023-05-12,Chennai,Central,1750000,20.28,0.95,287.0
2023-05-12,Chennai,South,1750000,20.28,0.95,287.0
2023-05-13,Chennai,ALL,5000000,29.24,0.5,820.0
2023-05-13,Chennai,North,1500000,29.24,0.5,246.0
2023-05-13,Chennai,Central,1750000,29.24,0.5,287.0
2023-05-13,Chennai,South,1750000,29.24,0.5,287.0
2023-05-14,Chennai,ALL,5000000,34.9,0.14,861.0
2023-05-14,Chennai,North,1500000,34.9,0.14,258.3
2023-05-14,Chennai,Central,1750000,34.9,0.14,301.35
2023-05-14,Chennai,South,1750000,34.9,0.14,301.35
2023-05-15,Chennai,ALL,5000000,28.68,3.26,820.0
2023-05-15,Chennai,North,1500000,28.68,3.26,246.0
2023-05-15,Chennai,Central,1750000,28.68,3.26,287.0
2023-05-15,Chennai,South,1750000,28.68,3.26,287.0
2023-05-16,Chennai,ALL,5000000,34.32,0.13,861.0
2023-05-16,Chennai,North,1500000,34.32,0.13,258.3
2023-05-16,Chennai,Central,1750000,34.32,0.13,301.35
2023-05-16,Chennai,South,1750000,34.32,0.13,301.35
2023-05-17,Chennai,ALL,5000000,33.49,3.02,861.0
2023-05-17,Chennai,North,1500000,33.49,3.02,258.3
2023-05-17,Chennai,Central,1750000,33.49,3.02,301.35
2023-05-17,Chennai,South,1750000,33.49,3.02,301.35
2023-05-18,Chennai,ALL,5000000,27.06,3.92,820.0
2023-05-18,Chennai,North,1500000,27.06,3.92,246.0
2023-05-18,Chennai,Central,1750000,27.06,3.92,287.0
2023-05-18,Chennai,South,1750000,27.06,3.92,287.0
2023-05-19,Chennai,ALL,5000000,30.6,1.8,820.0
2023-05-19,Chennai,North,1500000,30.6,1.8,246.0
2023-05-19,Chennai,Central,1750000,30.6,1.8,287.0
2023-05-19,Chennai,South,1750000,30.6,1.8,287.0
2023-05-20,Chennai,ALL,5000000,30.21,2.23,820.0
2023-05-20,Chennai,North,1500000,30.21,2.23,246.0
2023-05-20,Chennai,Central,1750000,30.21,2.23,287.0
2023-05-20,Chennai,South,1750000,30.21,2.23,287.0
2023-05-21,Chennai,ALL,5000000,30.34,4.32,820.0
2023-05-21,Chennai,North,1500000,30.34,4.32,246.0
2023-05-21,Chennai,Central,1750000,30.34,4.32,287.0
2023-05-21,Chennai,South,1750000,30.34,4.32,287.0
2023-05-22,Chennai,ALL,5000000,34.76,0.52,861.0
2023-05-22,Chennai,North,1500000,34.76,0.52,258.3
2023-05-22,Chennai,Central,1750000,34.76,0.52,301.35
2023-05-22,Chennai,South,1750000,34.76,0.52,301.35
2023-05-23,Chennai,ALL,5000000,36.4,0.0,861.0
2023-05-23,Chennai,North,1500000,36.4,0.0,258.3
2023-05-23,Chennai,Central,1750000,36.4,0.0,301.35
2023-05-23,Chennai,South,1750000,36.4,0.0,301.35
2023-05-24,Chennai,ALL,5000000,29.54,4.18,820.0
2023-05-24,Chennai,North,1500000,29.54,4.18,246.0
2023-05-24,Chennai,Central,1750000,29.54,4.18,287.0
2023-05-24,Chennai,South,1750000,29.54,4.18,287.0
2023-05-25,Chennai,ALL,5000000,30.84,1.75,820.0
2023-05-25,Chennai,North,1500000,30.84,1.75,246.0
2023-05-25,Chennai,Central,1750000,30.84,1.75,287.0
2023-05-25,Chennai,South,1750000,30.84,1.75,287.0
2023-05-26,Chennai,ALL,5000000,29.38,2.01,820.0
2023-05-26,Chennai,North,1500000,29.38,2.01,246.0
2023-05-26,Chennai,Central,1750000,29.38,2.01,287.0
2023-05-26,Chennai,South,1750000,29.38,2.01,287.0
2023-05-27,Chennai,ALL,5000000,28.23,4.7,820.0
2023-05-27,Chennai,North,1500000,28.23,4.7,246.0
2023-05-27,Chennai,Central,1750000,28.23,4.7,287.0
2023-05-27,Chennai,South,1750000,28.23,4.7,287.0
2023-05-28,Chennai,ALL,5000000,31.07,1.61,820.0
2023-05-28,Chennai,North,1500000,31.07,1.61,246.0
2023-05-28,Chennai,Central,1750000,31.07,1.61,287.0
2023-05-28,Chennai,South,1750000,31.07,1.61,287.0
2023-05-29,Chennai,ALL,5000000,32.7,3.61,861.0
2023-05-29,Chennai,North,1500000,32.7,3.61,258.3
2023-05-29,Chennai,Central,1750000,32.7,3.61,301.35
2023-05-29,Chennai,South,1750000,32.7,3.61,301.35
2023-05-30,Chennai,ALL,5000000,32.44,4.26,861.0
2023-05-30,Chennai,North,1500000,32.44,4.26,258.3
2023-05-30,Chennai,Central,1750000,32.44,4.26,301.35
2023-05-30,Chennai,South,1750000,32.44,4.26,301.35
2023-05-31,Chennai,ALL,5000000,27.51,1.88,820.0
2023-05-31,Chennai,North,1500000,27.51,1.88,246.0
2023-05-31,Chennai,Central,1750000,27.51,1.88,287.0
2023-05-31,Chennai,South,1750000,27.51,1.88,287.0
2023-06-01,Chennai,ALL,5000000,32.24,4.22,861.0
2023-06-01,Chennai,North,1500000,32.24,4.22,258.3
2023-06-01,Chennai,Central,1750000,32.24,4.22,301.35
2023-06-01,Chennai,South,1750000,32.24,4.22,301.35
2023-06-02,Chennai,ALL,5000000,29.94,3.23,820.0
2023-06-02,Chennai,North,1500000,29.94,3.23,246.0
2023-06-02,Chennai,Central,1750000,29.94,3.23,287.0
2023-06-02,Chennai,South,1750000,29.94,3.23,287.0
2023-06-03,Chennai,ALL,5000000,33.83,1.82,861.0
2023-06-03,Chennai,North,1500000,33.83,1.82,258.3
2023-06-03,Chennai,Central,1750000,33.83,1.82,301.35
2023-06-03,Chennai,South,1750000,33.83,1.82,301.35
2023-06-04,Chennai,ALL,5000000,31.64,2.6,820.0
2023-06-04,Chennai,North,1500000,31.64,2.6,246.0
2023-06-04,Chennai,Central,1750000,31.64,2.6,287.0
2023-06-04,Chennai,South,1750000,31.64,2.6,287.0
2023-06-05,Chennai,ALL,5000000,29.35,5.2,820.0
2023-06-05,Chennai,North,1500000,29.35,5.2,246.0
2023-06-05,Chennai,Central,1750000,29.35,5.2,287.0
2023-06-05,Chennai,South,1750000,29.35,5.2,287.0
2023-06-06,Chennai,ALL,5000000,32.48,4.63,861.0
2023-06-06,Chennai,North,1500000,32.48,4.63,258.3
2023-06-06,Chennai,Central,1750000,32.48,4.63,301.35
2023-06-06,Chennai,South,1750000,32.48,4.63,301.35
2023-06-07,Chennai,ALL,5000000,33.92,3.04,861.0
2023-06-07,Chennai,North,1500000,33.92,3.04,258.3
2023-06-07,Chennai,Central,1750000,33.92,3.04,301.35
2023-06-07,Chennai,South,1750000,33.92,3.04,301.35
2023-06-08,Chennai,ALL,5000000,32.05,2.38,861.0
2023-06-08,Chennai,North,1500000,32.05,2.38,258.3
2023-06-08,Chennai,Central,1750000,32.05,2.38,301.35
2023-06-08,Chennai,South,1750000,32.05,2.38,301.35
2023-06-09,Chennai,ALL,5000000,30.97,2.74,820.0
2023-06-09,Chennai,North,1500000,30.97,2.74,246.0
2023-06-09,Chennai,Central,1750000,30.97,2.74,287.0
2023-06-09,Chennai,South,1750000,30.97,2.74,287.0
2023-06-10,Chennai,ALL,5000000,30.29,4.19,820.0
2023-06-10,Chennai,North,1500000,30.29,4.19,246.0
2023-06-10,Chennai,Central,1750000,30.29,4.19,287.0
2023-06-10,Chennai,South,1750000,30.29,4.19,287.0
2023-06-11,Chennai,ALL,5000000,27.55,7.18,779.0
2023-06-11,Chennai,North,1500000,27.55,7.18,233.7
2023-06-11,Chennai,Central,1750000,27.55,7.18,272.65
2023-06-11,Chennai,South,1750000,27.55,7.18,272.65
2023-06-12,Chennai,ALL,5000000,26.98,0.57,820.0
2023-06-12,Chennai,North,1500000,26.98,0.57,246.0
2023-06-12,Chennai,Central,1750000,26.98,0.57,287.0
2023-06-12,Chennai,South,1750000,26.98,0.57,287.0
2023-06-13,Chennai,ALL,5000000,33.47,4.58,861.0
2023-06-13,Chennai,North,1500000,33.47,4.58,258.3
2023-06-13,Chennai,Central,1750000,33.47,4.58,301.35
2023-06-13,Chennai,South,1750000,33.47,4.58,301.35
2023-06-14,Chennai,ALL,5000000,31.87,4.26,820.0
2023-06-14,Chennai,North,1500000,31.87,4.26,246.0
2023-06-14,Chennai,Central,1750000,31.87,4.26,287.0
2023-06-14,Chennai,South,1750000,31.87,4.26,287.0
2023-06-15,Chennai,ALL,5000000,29.96,1.21,820.0
2023-06-15,Chennai,North,1500000,29.96,1.21,246.0
2023-06-15,Chennai,Central,1750000,29.96,1.21,287.0
2023-06-15,Chennai,South,1750000,29.96,1.21,287.0
2023-06-16,Chennai,ALL,5000000,30.23,1.65,820.0
2023-06-16,Chennai,North,1500000,30.23,1.65,246.0
2023-06-16,Chennai,Central,1750000,30.23,1.65,287.0
2023-06-16,Chennai,South,1750000,30.23,1.65,287.0
2023-06-17,Chennai,ALL,5000000,32.93,2.71,861.0
2023-06-17,Chennai,North,1500000,32.93,2.71,258.3
2023-06-17,Chennai,Central,1750000,32.93,2.71,301.35
2023-06-17,Chennai,South,1750000,32.93,2.71,301.35
2023-06-18,Chennai,ALL,5000000,27.52,2.36,820.0
2023-06-18,Chennai,North,1500000,27.52,2.36,246.0
2023-06-18,Chennai,Central,1750000,27.52,2.36,287.0
2023-06-18,Chennai,South,1750000,27.52,2.36,287.0
2023-06-19,Chennai,ALL,5000000,31.24,1.87,820.0
2023-06-19,Chennai,North,1500000,31.24,1.87,246.0
2023-06-19,Chennai,Central,1750000,31.24,1.87,287.0
2023-06-19,Chennai,South,1750000,31.24,1.87,287.0
2023-06-20,Chennai,ALL,5000000,27.53,3.49,820.0
2023-06-20,Chennai,North,1500000,27.53,3.49,246.0
2023-06-20,Chennai,Central,1750000,27.53,3.49,287.0
2023-06-20,Chennai,South,1750000,27.53,3.49,287.0
2023-06-21,Chennai,ALL,5000000,30.73,1.99,820.0
2023-06-21,Chennai,North,1500000,30.73,1.99,246.0
2023-06-21,Chennai,Central,1750000,30.73,1.99,287.0
2023-06-21,Chennai,South,1750000,30.73,1.99,287.0
2023-06-22,Chennai,ALL,5000000,28.59,3.46,820.0
2023-06-22,Chennai,North,1500000,28.59,3.46,246.0
2023-06-22,Chennai,Central,1750000,28.59,3.46,287.0
2023-06-22,Chennai,South,1750000,28.59,3.46,287.0
2023-06-23,Chennai,ALL,5000000,25.66,0.19,820.0
2023-06-23,Chennai,North,1500000,25.66,0.19,246.0
2023-06-23,Chennai,Central,1750000,25.66,0.19,287.0
2023-06-23,Chennai,South,1750000,25.66,0.19,287.0
2023-06-24,Chennai,ALL,5000000,27.84,2.57,820.0
2023-06-24,Chennai,North,1500000,27.84,2.57,246.0
2023-06-24,Chennai,Central,1750000,27.84,2.57,287.0
2023-06-24,Chennai,South,1750000,27.84,2.57,287.0
2023-06-25,Chennai,ALL,5000000,30.93,5.95,820.0
2023-06-25,Chennai,North,1500000,30.93,5.95,246.0
2023-06-25,Chennai,Central,1750000,30.93,5.95,287.0
2023-06-25,Chennai,South,1750000,30.93,5.95,287.0
2023-06-26,Chennai,ALL,5000000,32.57,2.68,861.0
2023-06-26,Chennai,North,1500000,32.57,2.68,258.3
2023-06-26,Chennai,Central,1750000,32.57,2.68,301.35
2023-06-26,Chennai,South,1750000,32.57,2.68,301.35
2023-06-27,Chennai,ALL,5000000,29.94,0.99,820.0
2023-06-27,Chennai,North,1500000,29.94,0.99,246.0
2023-06-27,Chennai,Central,1750000,29.94,0.99,287.0
2023-06-27,Chennai,South,1750000,29.94,0.99,287.0
2023-06-28,Chennai,ALL,5000000,29.94,2.42,820.0
2023-06-28,Chennai,North,1500000,29.94,2.42,246.0
2023-06-28,Chennai,Central,1750000,29.94,2.42,287.0
2023-06-28,Chennai,South,1750000,29.94,2.42,287.0
2023-06-29,Chennai,ALL,5000000,30.97,1.35,820.0
2023-06-29,Chennai,North,1500000,30.97,1.35,246.0
2023-06-29,Chennai,Central,1750000,30.97,1.35,287.0
2023-06-29,Chennai,South,1750000,30.97,1.35,287.0
2023-06-30,Chennai,ALL,5000000,31.56,6.07,779.0
2023-06-30,Chennai,North,1500000,31.56,6.07,233.7
2023-06-30,Chennai,Central,1750000,31.56,6.07,272.65
2023-06-30,Chennai,South,1750000,31.56,6.07,272.65
2023-07-01,Chennai,ALL,5000000,29.67,3.8,820.0
2023-07-01,Chennai,North,1500000,29.67,3.8,246.0
2023-07-01,Chennai,Central,1750000,29.67,3.8,287.0
2023-07-01,Chennai,South,1750000,29.67,3.8,287.0
2023-07-02,Chennai,ALL,5000000,32.07,2.2,861.0
2023-07-02,Chennai,North,1500000,32.07,2.2,258.3
2023-07-02,Chennai,Central,1750000,32.07,2.2,301.35
2023-07-02,Chennai,South,1750000,32.07,2.2,301.35
2023-07-03,Chennai,ALL,5000000,30.67,3.03,820.0
2023-07-03,Chennai,North,1500000,30.67,3.03,246.0
2023-07-03,Chennai,Central,1750000,30.67,3.03,287.0
2023-07-03,Chennai,South,1750000,30.67,3.03,287.0
2023-07-04,Chennai,ALL,5000000,30.29,1.45,820.0
2023-07-04,Chennai,North,1500000,30.29,1.45,246.0
2023-07-04,Chennai,Central,1750000,30.29,1.45,287.0
2023-07-04,Chennai,South,1750000,30.29,1.45,287.0
2023-07-05,Chennai,ALL,5000000,30.07,4.0,820.0
2023-07-05,Chennai,North,1500000,30.07,4.0,246.0
2023-07-05,Chennai,Central,1750000,30.07,4.0,287.0
2023-07-05,Chennai,South,1750000,30.07,4.0,287.0
2023-07-06,Chennai,ALL,5000000,34.35,4.92,861.0
2023-07-06,Chennai,North,1500000,34.35,4.92,258.3
2023-07-06,Chennai,Central,1750000,34.35,4.92,301.35
2023-07-06,Chennai,South,1750000,34.35,4.92,301.35
2023-07-07,Chennai,ALL,5000000,36.46,1.47,861.0
2023-07-07,Chennai,North,1500000,36.46,1.47,258.3
2023-07-07,Chennai,Central,1750000,36.46,1.47,301.35
2023-07-07,Chennai,South,1750000,36.46,1.47,301.35
2023-07-08,Chennai,ALL,5000000,32.62,3.37,861.0
2023-07-08,Chennai,North,1500000,32.62,3.37,258.3
2023-07-08,Chennai,Central,1750000,32.62,3.37,301.35
2023-07-08,Chennai,South,1750000,32.62,3.37,301.35
2023-07-09,Chennai,ALL,5000000,36.57,1.38,861.0
2023-07-09,Chennai,North,1500000,36.57,1.38,258.3
2023-07-09,Chennai,Central,1750000,36.57,1.38,301.35
2023-07-09,Chennai,South,1750000,36.57,1.38,301.35
2023-07-10,Chennai,ALL,5000000,27.48,1.8,820.0
2023-07-10,Chennai,North,1500000,27.48,1.8,246.0
2023-07-10,Chennai,Central,1750000,27.48,1.8,287.0
2023-07-10,Chennai,South,1750000,27.48,1.8,287.0
2023-07-11,Chennai,ALL,5000000,23.63,1.95,820.0
2023-07-11,Chennai,North,1500000,23.63,1.95,246.0
2023-07-11,Chennai,Central,1750000,23.63,1.95,287.0
2023-07-11,Chennai,South,1750000,23.63,1.95,287.0
2023-07-12,Chennai,ALL,5000000,27.72,3.3,820.0
2023-07-12,Chennai,North,1500000,27.72,3.3,246.0
2023-07-12,Chennai,Central,1750000,27.72,3.3,287.0
2023-07-12,Chennai,South,1750000,27.72,3.3,287.0
2023-07-13,Chennai,ALL,5000000,31.03,6.75,779.0
2023-07-13,Chennai,North,1500000,31.03,6.75,233.7
2023-07-13,Chennai,Central,1750000,31.03,6.75,272.65
2023-07-13,Chennai,South,1750000,31.03,6.75,272.65
2023-07-14,Chennai,ALL,5000000,32.85,1.85,861.0
2023-07-14,Chennai,North,1500000,32.85,1.85,258.3
2023-07-14,Chennai,Central,1750000,32.85,1.85,301.35
2023-07-14,Chennai,South,1750000,32.85,1.85,301.35
2023-07-15,Chennai,ALL,5000000,27.3,3.98,820.0
2023-07-15,Chennai,North,1500000,27.3,3.98,246.0
2023-07-15,Chennai,Central,1750000,27.3,3.98,287.0
2023-07-15,Chennai,South,1750000,27.3,3.98,287.0
2023-07-16,Chennai,ALL,5000000,26.04,6.66,779.0
2023-07-16,Chennai,North,1500000,26.04,6.66,233.7
2023-07-16,Chennai,Central,1750000,26.04,6.66,272.65
2023-07-16,Chennai,South,1750000,26.04,6.66,272.65
2023-07-17,Chennai,ALL,5000000,33.54,2.06,861.0
2023-07-17,Chennai,North,1500000,33.54,2.06,258.3
2023-07-17,Chennai,Central,1750000,33.54,2.06,301.35
2023-07-17,Chennai,South,1750000,33.54,2.06,301.35
2023-07-18,Chennai,ALL,5000000,24.86,5.71,820.0
2023-07-18,Chennai,North,1500000,24.86,5.71,246.0
2023-07-18,Chennai,Central,1750000,24.86,5.71,287.0
2023-07-18,Chennai,South,1750000,24.86,5.71,287.0
2023-07-19,Chennai,ALL,5000000,29.66,5.48,820.0
2023-07-19,Chennai,North,1500000,29.66,5.48,246.0
2023-07-19,Chennai,Central,1750000,29.66,5.48,287.0
2023-07-19,Chennai,South,1750000,29.66,5.48,287.0
2023-07-20,Chennai,ALL,5000000,25.22,1.8,820.0
2023-07-20,Chennai,North,1500000,25.22,1.8,246.0
2023-07-20,Chennai,Central,1750000,25.22,1.8,287.0
2023-07-20,Chennai,South,1750000,25.22,1.8,287.0
2023-07-21,Chennai,ALL,5000000,30.02,3.09,820.0
2023-07-21,Chennai,North,1500000,30.02,3.09,246.0
2023-07-21,Chennai,Central,1750000,30.02,3.09,287.0
2023-07-21,Chennai,South,1750000,30.02,3.09,287.0
2023-07-22,Chennai,ALL,5000000,28.65,4.25,820.0
2023-07-22,Chennai,North,1500000,28.65,4.25,246.0
2023-07-22,Chennai,Central,1750000,28.65,4.25,287.0
2023-07-22,Chennai,South,1750000,28.65,4.25,287.0
2023-07-23,Chennai,ALL,5000000,26.8,2.72,820.0
2023-07-23,Chennai,North,1500000,26.8,2.72,246.0
2023-07-23,Chennai,Central,1750000,26.8,2.72,287.0
2023-07-23,Chennai,South,1750000,26.8,2.72,287.0
2023-07-24,Chennai,ALL,5000000,30.36,4.03,820.0
2023-07-24,Chennai,North,1500000,30.36,4.03,246.0
2023-07-24,Chennai,Central,1750000,30.36,4.03,287.0
2023-07-24,Chennai,South,1750000,30.36,4.03,287.0
2023-07-25,Chennai,ALL,5000000,32.13,0.75,861.0
2023-07-25,Chennai,North,1500000,32.13,0.75,258.3
2023-07-25,Chennai,Central,1750000,32.13,0.75,301.35
2023-07-25,Chennai,South,1750000,32.13,0.75,301.35
2023-07-26,Chennai,ALL,5000000,25.4,5.56,820.0
2023-07-26,Chennai,North,1500000,25.4,5.56,246.0
2023-07-26,Chennai,Central,1750000,25.4,5.56,287.0
2023-07-26,Chennai,South,1750000,25.4,5.56,287.0
2023-07-27,Chennai,ALL,5000000,31.0,1.5,820.0
2023-07-27,Chennai,North,1500000,31.0,1.5,246.0
2023-07-27,Chennai,Central,1750000,31.0,1.5,287.0
2023-07-27,Chennai,South,1750000,31.0,1.5,287.0
2023-07-28,Chennai,ALL,5000000,34.65,3.23,861.0
2023-07-28,Chennai,North,1500000,34.65,3.23,258.3
2023-07-28,Chennai,Central,1750000,34.65,3.23,301.35
2023-07-28,Chennai,South,1750000,34.65,3.23,301.35
2023-07-29,Chennai,ALL,5000000,33.54,3.14,861.0
2023-07-29,Chennai,North,1500000,33.54,3.14,258.3
2023-07-29,Chennai,Central,1750000,33.54,3.14,301.35
2023-07-29,Chennai,South,1750000,33.54,3.14,301.35
2023-07-30,Chennai,ALL,5000000,36.18,6.51,861.0
2023-07-30,Chennai,North,1500000,36.18,6.51,258.3
2023-07-30,Chennai,Central,1750000,36.18,6.51,301.35
2023-07-30,Chennai,South,1750000,36.18,6.51,301.35
2023-07-31,Chennai,ALL,5000000,29.25,4.94,820.0
2023-07-31,Chennai,North,1500000,29.25,4.94,246.0
2023-07-31,Chennai,Central,1750000,29.25,4.94,287.0
2023-07-31,Chennai,South,1750000,29.25,4.94,287.0
2023-08-01,Chennai,ALL,5000000,31.94,5.74,820.0
2023-08-01,Chennai,North,1500000,31.94,5.74,246.0
2023-08-01,Chennai,Central,1750000,31.94,5.74,287.0
2023-08-01,Chennai,South,1750000,31.94,5.74,287.0
2023-08-02,Chennai,ALL,5000000,27.11,4.37,820.0
2023-08-02,Chennai,North,1500000,27.11,4.37,246.0
2023-08-02,Chennai,Central,1750000,27.11,4.37,287.0
2023-08-02,Chennai,South,1750000,27.11,4.37,287.0
2023-08-03,Chennai,ALL,5000000,33.18,0.0,861.0
2023-08-03,Chennai,North,1500000,33.18,0.0,258.3
2023-08-03,Chennai,Central,1750000,33.18,0.0,301.35
2023-08-03,Chennai,South,1750000,33.18,0.0,301.35
2023-08-04,Chennai,ALL,5000000,26.45,0.0,820.0
2023-08-04,Chennai,North,1500000,26.45,0.0,246.0
2023-08-04,Chennai,Central,1750000,26.45,0.0,287.0
2023-08-04,Chennai,South,1750000,26.45,0.0,287.0
2023-08-05,Chennai,ALL,5000000,29.19,4.44,820.0
2023-08-05,Chennai,North,1500000,29.19,4.44,246.0
2023-08-05,Chennai,Central,1750000,29.19,4.44,287.0
2023-08-05,Chennai,South,1750000,29.19,4.44,287.0
2023-08-06,Chennai,ALL,5000000,34.51,3.15,861.0
2023-08-06,Chennai,North,1500000,34.51,3.15,258.3
2023-08-06,Chennai,Central,1750000,34.51,3.15,301.35
2023-08-06,Chennai,South,1750000,34.51,3.15,301.35
2023-08-07,Chennai,ALL,5000000,34.89,0.24,861.0
2023-08-07,Chennai,North,1500000,34.89,0.24,258.3
2023-08-07,Chennai,Central,1750000,34.89,0.24,301.35
2023-08-07,Chennai,South,1750000,34.89,0.24,301.35
2023-08-08,Chennai,ALL,5000000,24.89,2.89,820.0
2023-08-08,Chennai,North,1500000,24.89,2.89,246.0
2023-08-08,Chennai,Central,1750000,24.89,2.89,287.0
2023-08-08,Chennai,South,1750000,24.89,2.89,287.0
2023-08-09,Chennai,ALL,5000000,31.15,2.93,820.0
2023-08-09,Chennai,North,1500000,31.15,2.93,246.0
2023-08-09,Chennai,Central,1750000,31.15,2.93,287.0
2023-08-09,Chennai,South,1750000,31.15,2.93,287.0
2023-08-10,Chennai,ALL,5000000,23.8,2.82,820.0
2023-08-10,Chennai,North,1500000,23.8,2.82,246.0
2023-08-10,Chennai,Central,1750000,23.8,2.82,287.0
2023-08-10,Chennai,South,1750000,23.8,2.82,287.0
2023-08-11,Chennai,ALL,5000000,26.09,4.34,820.0
2023-08-11,Chennai,North,1500000,26.09,4.34,246.0
2023-08-11,Chennai,Central,1750000,26.09,4.34,287.0
2023-08-11,Chennai,South,1750000,26.09,4.34,287.0
2023-08-12,Chennai,ALL,5000000,31.1,1.12,820.0
2023-08-12,Chennai,North,1500000,31.1,1.12,246.0
2023-08-12,Chennai,Central,1750000,31.1,1.12,287.0
2023-08-12,Chennai,South,1750000,31.1,1.12,287.0
2023-08-13,Chennai,ALL,5000000,28.46,0.88,820.0
2023-08-13,Chennai,North,1500000,28.46,0.88,246.0
2023-08-13,Chennai,Central,1750000,28.46,0.88,287.0
2023-08-13,Chennai,South,1750000,28.46,0.88,287.0
2023-08-14,Chennai,ALL,5000000,29.81,4.91,820.0
2023-08-14,Chennai,North,1500000,29.81,4.91,246.0
2023-08-14,Chennai,Central,1750000,29.81,4.91,287.0
2023-08-14,Chennai,South,1750000,29.81,4.91,287.0
2023-08-15,Chennai,ALL,5000000,27.04,4.01,820.0
2023-08-15,Chennai,North,1500000,27.04,4.01,246.0
2023-08-15,Chennai,Central,1750000,27.04,4.01,287.0
2023-08-15,Chennai,South,1750000,27.04,4.01,287.0
2023-08-16,Chennai,ALL,5000000,28.41,1.41,820.0
2023-08-16,Chennai,North,1500000,28.41,1.41,246.0
2023-08-16,Chennai,Central,1750000,28.41,1.41,287.0
2023-08-16,Chennai,South,1750000,28.41,1.41,287.0
2023-08-17,Chennai,ALL,5000000,29.68,0.93,820.0
2023-08-17,Chennai,North,1500000,29.68,0.93,246.0
2023-08-17,Chennai,Central,1750000,29.68,0.93,287.0
2023-08-17,Chennai,South,1750000,29.68,0.93,287.0
2023-08-18,Chennai,ALL,5000000,28.34,0.6,820.0
2023-08-18,Chennai,North,1500000,28.34,0.6,246.0
2023-08-18,Chennai,Central,1750000,28.34,0.6,287.0
2023-08-18,Chennai,South,1750000,28.34,0.6,287.0
2023-08-19,Chennai,ALL,5000000,35.89,3.07,861.0
2023-08-19,Chennai,North,1500000,35.89,3.07,258.3
2023-08-19,Chennai,Central,1750000,35.89,3.07,301.35
2023-08-19,Chennai,South,1750000,35.89,3.07,301.35
2023-08-20,Chennai,ALL,5000000,27.9,3.43,820.0
2023-08-20,Chennai,North,1500000,27.9,3.43,246.0
2023-08-20,Chennai,Central,1750000,27.9,3.43,287.0
2023-08-20,Chennai,South,1750000,27.9,3.43,287.0
2023-08-21,Chennai,ALL,5000000,29.66,2.56,820.0
2023-08-21,Chennai,North,1500000,29.66,2.56,246.0
2023-08-21,Chennai,Central,1750000,29.66,2.56,287.0
2023-08-21,Chennai,South,1750000,29.66,2.56,287.0
2023-08-22,Chennai,ALL,5000000,31.84,4.52,820.0
2023-08-22,Chennai,North,1500000,31.84,4.52,246.0
2023-08-22,Chennai,Central,1750000,31.84,4.52,287.0
2023-08-22,Chennai,South,1750000,31.84,4.52,287.0
2023-08-23,Chennai,ALL,5000000,28.41,1.85,820.0
2023-08-23,Chennai,North,1500000,28.41,1.85,246.0
2023-08-23,Chennai,Central,1750000,28.41,1.85,287.0
2023-08-23,Chennai,South,1750000,28.41,1.85,287.0
2023-08-24,Chennai,ALL,5000000,29.17,0.0,820.0
2023-08-24,Chennai,North,1500000,29.17,0.0,246.0
2023-08-24,Chennai,Central,1750000,29.17,0.0,287.0
2023-08-24,Chennai,South,1750000,29.17,0.0,287.0
2023-08-25,Chennai,ALL,5000000,25.45,5.73,820.0
2023-08-25,Chennai,North,1500000,25.45,5.73,246.0
2023-08-25,Chennai,Central,1750000,25.45,5.73,287.0
2023-08-25,Chennai,South,1750000,25.45,5.73,287.0
2023-08-26,Chennai,ALL,5000000,34.93,2.5,861.0
2023-08-26,Chennai,North,1500000,34.93,2.5,258.3
2023-08-26,Chennai,Central,1750000,34.93,2.5,301.35
2023-08-26,Chennai,South,1750000,34.93,2.5,301.35
2023-08-27,Chennai,ALL,5000000,31.73,3.62,820.0
2023-08-27,Chennai,North,1500000,31.73,3.62,246.0
2023-08-27,Chennai,Central,1750000,31.73,3.62,287.0
2023-08-27,Chennai,South,1750000,31.73,3.62,287.0
2023-08-28,Chennai,ALL,5000000,39.24,5.24,861.0
2023-08-28,Chennai,North,1500000,39.24,5.24,258.3
2023-08-28,Chennai,Central,1750000,39.24,5.24,301.35
2023-08-28,Chennai,South,1750000,39.24,5.24,301.35
2023-08-29,Chennai,ALL,5000000,29.62,1.09,820.0
2023-08-29,Chennai,North,1500000,29.62,1.09,246.0
2023-08-29,Chennai,Central,1750000,29.62,1.09,287.0
2023-08-29,Chennai,South,1750000,29.62,1.09,287.0
2023-08-30,Chennai,ALL,5000000,25.18,3.41,820.0
2023-08-30,Chennai,North,1500000,25.18,3.41,246.0
2023-08-30,Chennai,Central,1750000,25.18,3.41,287.0
2023-08-30,Chennai,South,1750000,25.18,3.41,287.0
2023-08-31,Chennai,ALL,5000000,27.73,0.16,820.0
2023-08-31,Chennai,North,1500000,27.73,0.16,246.0
2023-08-31,Chennai,Central,1750000,27.73,0.16,287.0
2023-08-31,Chennai,South,1750000,27.73,0.16,287.0
2023-09-01,Chennai,ALL,5000000,28.06,0.84,820.0
2023-09-01,Chennai,North,1500000,28.06,0.84,246.0
2023-09-01,Chennai,Central,1750000,28.06,0.84,287.0
2023-09-01,Chennai,South,1750000,28.06,0.84,287.0
2023-09-02,Chennai,ALL,5000000,35.06,4.76,861.0
2023-09-02,Chennai,North,1500000,35.06,4.76,258.3
2023-09-02,Chennai,Central,1750000,35.06,4.76,301.35
2023-09-02,Chennai,South,1750000,35.06,4.76,301.35
2023-09-03,Chennai,ALL,5000000,29.98,5.96,820.0
2023-09-03,Chennai,North,1500000,29.98,5.96,246.0
2023-09-03,Chennai,Central,1750000,29.98,5.96,287.0
2023-09-03,Chennai,South,1750000,29.98,5.96,287.0
2023-09-04,Chennai,ALL,5000000,30.23,1.28,820.0
2023-09-04,Chennai,North,1500000,30.23,1.28,246.0
2023-09-04,Chennai,Central,1750000,30.23,1.28,287.0
2023-09-04,Chennai,South,1750000,30.23,1.28,287.0
2023-09-05,Chennai,ALL,5000000,34.57,4.08,861.0
2023-09-05,Chennai,North,1500000,34.57,4.08,258.3
2023-09-05,Chennai,Central,1750000,34.57,4.08,301.35
2023-09-05,Chennai,South,1750000,34.57,4.08,301.35
2023-09-06,Chennai,ALL,5000000,26.89,2.62,820.0
2023-09-06,Chennai,North,1500000,26.89,2.62,246.0
2023-09-06,Chennai,Central,1750000,26.89,2.62,287.0
2023-09-06,Chennai,South,1750000,26.89,2.62,287.0
2023-09-07,Chennai,ALL,5000000,27.37,0.23,820.0
2023-09-07,Chennai,North,1500000,27.37,0.23,246.0
2023-09-07,Chennai,Central,1750000,27.37,0.23,287.0
2023-09-07,Chennai,South,1750000,27.37,0.23,287.0
2023-09-08,Chennai,ALL,5000000,32.78,6.82,861.0
2023-09-08,Chennai,North,1500000,32.78,6.82,258.3
2023-09-08,Chennai,Central,1750000,32.78,6.82,301.35
2023-09-08,Chennai,South,1750000,32.78,6.82,301.35
2023-09-09,Chennai,ALL,5000000,25.8,4.13,820.0
2023-09-09,Chennai,North,1500000,25.8,4.13,246.0
2023-09-09,Chennai,Central,1750000,25.8,4.13,287.0
2023-09-09,Chennai,South,1750000,25.8,4.13,287.0
2023-09-10,Chennai,ALL,5000000,28.05,2.03,820.0
2023-09-10,Chennai,North,1500000,28.05,2.03,246.0
2023-09-10,Chennai,Central,1750000,28.05,2.03,287.0
2023-09-10,Chennai,South,1750000,28.05,2.03,287.0
2023-09-11,Chennai,ALL,5000000,28.22,1.27,820.0
2023-09-11,Chennai,North,1500000,28.22,1.27,246.0
2023-09-11,Chennai,Central,1750000,28.22,1.27,287.0
2023-09-11,Chennai,South,1750000,28.22,1.27,287.0
2023-09-12,Chennai,ALL,5000000,30.15,1.34,820.0
2023-09-12,Chennai,North,1500000,30.15,1.34,246.0
2023-09-12,Chennai,Central,1750000,30.15,1.34,287.0
2023-09-12,Chennai,South,1750000,30.15,1.34,287.0
2023-09-13,Chennai,ALL,5000000,30.81,2.9,820.0
2023-09-13,Chennai,North,1500000,30.81,2.9,246.0
2023-09-13,Chennai,Central,1750000,30.81,2.9,287.0
2023-09-13,Chennai,South,1750000,30.81,2.9,287.0
2023-09-14,Chennai,ALL,5000000,29.28,1.18,820.0
2023-09-14,Chennai,North,1500000,29.28,1.18,246.0
2023-09-14,Chennai,Central,1750000,29.28,1.18,287.0
2023-09-14,Chennai,South,1750000,29.28,1.18,287.0
2023-09-15,Chennai,ALL,5000000,28.27,4.51,820.0
2023-09-15,Chennai,North,1500000,28.27,4.51,246.0
2023-09-15,Chennai,Central,1750000,28.27,4.51,287.0
2023-09-15,Chennai,South,1750000,28.27,4.51,287.0
2023-09-16,Chennai,ALL,5000000,31.5,1.04,820.0
2023-09-16,Chennai,North,1500000,31.5,1.04,246.0
2023-09-16,Chennai,Central,1750000,31.5,1.04,287.0
2023-09-16,Chennai,South,1750000,31.5,1.04,287.0
2023-09-17,Chennai,ALL,5000000,30.3,4.5,820.0
2023-09-17,Chennai,North,1500000,30.3,4.5,246.0
2023-09-17,Chennai,Central,1750000,30.3,4.5,287.0
2023-09-17,Chennai,South,1750000,30.3,4.5,287.0
2023-09-18,Chennai,ALL,5000000,24.99,4.09,820.0
2023-09-18,Chennai,North,1500000,24.99,4.09,246.0
2023-09-18,Chennai,Central,1750000,24.99,4.09,287.0
2023-09-18,Chennai,South,1750000,24.99,4.09,287.0
2023-09-19,Chennai,ALL,5000000,28.01,4.14,820.0
2023-09-19,Chennai,North,1500000,28.01,4.14,246.0
2023-09-19,Chennai,Central,1750000,28.01,4.14,287.0
2023-09-19,Chennai,South,1750000,28.01,4.14,287.0
2023-09-20,Chennai,ALL,5000000,27.71,0.0,820.0
2023-09-20,Chennai,North,1500000,27.71,0.0,246.0
2023-09-20,Chennai,Central,1750000,27.71,0.0,287.0
2023-09-20,Chennai,South,1750000,27.71,0.0,287.0
2023-09-21,Chennai,ALL,5000000,25.12,3.1,820.0
2023-09-21,Chennai,North,1500000,25.12,3.1,246.0
2023-09-21,Chennai,Central,1750000,25.12,3.1,287.0
2023-09-21,Chennai,South,1750000,25.12,3.1,287.0
2023-09-22,Chennai,ALL,5000000,30.78,1.19,820.0
2023-09-22,Chennai,North,1500000,30.78,1.19,246.0
2023-09-22,Chennai,Central,1750000,30.78,1.19,287.0
2023-09-22,Chennai,South,1750000,30.78,1.19,287.0
2023-09-23,Chennai,ALL,5000000,31.92,0.0,820.0
2023-09-23,Chennai,North,1500000,31.92,0.0,246.0
2023-09-23,Chennai,Central,1750000,31.92,0.0,287.0
2023-09-23,Chennai,South,1750000,31.92,0.0,287.0
2023-09-24,Chennai,ALL,5000000,29.8,0.58,820.0
2023-09-24,Chennai,North,1500000,29.8,0.58,246.0
2023-09-24,Chennai,Central,1750000,29.8,0.58,287.0
2023-09-24,Chennai,South,1750000,29.8,0.58,287.0
2023-09-25,Chennai,ALL,5000000,28.04,3.09,820.0
2023-09-25,Chennai,North,1500000,28.04,3.09,246.0
2023-09-25,Chennai,Central,1750000,28.04,3.09,287.0
2023-09-25,Chennai,South,1750000,28.04,3.09,287.0
2023-09-26,Chennai,ALL,5000000,27.42,2.23,820.0
2023-09-26,Chennai,North,1500000,27.42,2.23,246.0
2023-09-26,Chennai,Central,1750000,27.42,2.23,287.0
2023-09-26,Chennai,South,1750000,27.42,2.23,287.0
2023-09-27,Chennai,ALL,5000000,33.02,1.85,861.0
2023-09-27,Chennai,North,1500000,33.02,1.85,258.3
2023-09-27,Chennai,Central,1750000,33.02,1.85,301.35
2023-09-27,Chennai,South,1750000,33.02,1.85,301.35
2023-09-28,Chennai,ALL,5000000,32.51,0.74,861.0
2023-09-28,Chennai,North,1500000,32.51,0.74,258.3
2023-09-28,Chennai,Central,1750000,32.51,0.74,301.35
2023-09-28,Chennai,South,1750000,32.51,0.74,301.35
2023-09-29,Chennai,ALL,5000000,31.59,5.88,820.0
2023-09-29,Chennai,North,1500000,31.59,5.88,246.0
2023-09-29,Chennai,Central,1750000,31.59,5.88,287.0
2023-09-29,Chennai,South,1750000,31.59,5.88,287.0
2023-09-30,Chennai,ALL,5000000,22.59,1.41,820.0
2023-09-30,Chennai,North,1500000,22.59,1.41,246.0
2023-09-30,Chennai,Central,1750000,22.59,1.41,287.0
2023-09-30,Chennai,South,1750000,22.59,1.41,287.0
2023-10-01,Chennai,ALL,5000000,31.73,2.59,820.0
2023-10-01,Chennai,North,1500000,31.73,2.59,246.0
2023-10-01,Chennai,Central,1750000,31.73,2.59,287.0
2023-10-01,Chennai,South,1750000,31.73,2.59,287.0
2023-10-02,Chennai,ALL,5000000,31.11,1.79,820.0
2023-10-02,Chennai,North,1500000,31.11,1.79,246.0
2023-10-02,Chennai,Central,1750000,31.11,1.79,287.0
2023-10-02,Chennai,South,1750000,31.11,1.79,287.0
2023-10-03,Chennai,ALL,5000000,30.26,2.69,820.0
2023-10-03,Chennai,North,1500000,30.26,2.69,246.0
2023-10-03,Chennai,Central,1750000,30.26,2.69,287.0
2023-10-03,Chennai,South,1750000,30.26,2.69,287.0
2023-10-04,Chennai,ALL,5000000,33.5,3.51,861.0
2023-10-04,Chennai,North,1500000,33.5,3.51,258.3
2023-10-04,Chennai,Central,1750000,33.5,3.51,301.35
2023-10-04,Chennai,South,1750000,33.5,3.51,301.35
2023-10-05,Chennai,ALL,5000000,31.01,2.18,820.0
2023-10-05,Chennai,North,1500000,31.01,2.18,246.0
2023-10-05,Chennai,Central,1750000,31.01,2.18,287.0
2023-10-05,Chennai,South,1750000,31.01,2.18,287.0
2023-10-06,Chennai,ALL,5000000,28.54,2.13,820.0
2023-10-06,Chennai,North,1500000,28.54,2.13,246.0
2023-10-06,Chennai,Central,1750000,28.54,2.13,287.0
2023-10-06,Chennai,South,1750000,28.54,2.13,287.0
2023-10-07,Chennai,ALL,5000000,31.18,2.16,820.0
2023-10-07,Chennai,North,1500000,31.18,2.16,246.0
2023-10-07,Chennai,Central,1750000,31.18,2.16,287.0
2023-10-07,Chennai,South,1750000,31.18,2.16,287.0
2023-10-08,Chennai,ALL,5000000,30.87,7.15,779.0
2023-10-08,Chennai,North,1500000,30.87,7.15,233.7
2023-10-08,Chennai,Central,1750000,30.87,7.15,272.65
2023-10-08,Chennai,South,1750000,30.87,7.15,272.65
2023-10-09,Chennai,ALL,5000000,32.61,2.35,861.0
2023-10-09,Chennai,North,1500000,32.61,2.35,258.3
2023-10-09,Chennai,Central,1750000,32.61,2.35,301.35
2023-10-09,Chennai,South,1750000,32.61,2.35,301.35
2023-10-10,Chennai,ALL,5000000,33.6,2.18,861.0
2023-10-10,Chennai,North,1500000,33.6,2.18,258.3
2023-10-10,Chennai,Central,1750000,33.6,2.18,301.35
2023-10-10,Chennai,South,1750000,33.6,2.18,301.35
2023-10-11,Chennai,ALL,5000000,23.89,0.98,820.0
2023-10-11,Chennai,North,1500000,23.89,0.98,246.0
2023-10-11,Chennai,Central,1750000,23.89,0.98,287.0
2023-10-11,Chennai,South,1750000,23.89,0.98,287.0
2023-10-12,Chennai,ALL,5000000,24.39,2.3,820.0
2023-10-12,Chennai,North,1500000,24.39,2.3,246.0
2023-10-12,Chennai,Central,1750000,24.39,2.3,287.0
2023-10-12,Chennai,South,1750000,24.39,2.3,287.0
2023-10-13,Chennai,ALL,5000000,30.06,6.35,779.0
2023-10-13,Chennai,North,1500000,30.06,6.35,233.7
2023-10-13,Chennai,Central,1750000,30.06,6.35,272.65
2023-10-13,Chennai,South,1750000,30.06,6.35,272.65
2023-10-14,Chennai,ALL,5000000,30.98,2.56,820.0
2023-10-14,Chennai,North,1500000,30.98,2.56,246.0
2023-10-14,Chennai,Central,1750000,30.98,2.56,287.0
2023-10-14,Chennai,South,1750000,30.98,2.56,287.0
2023-10-15,Chennai,ALL,5000000,32.49,0.0,861.0
2023-10-15,Chennai,North,1500000,32.49,0.0,258.3
2023-10-15,Chennai,Central,1750000,32.49,0.0,301.35
2023-10-15,Chennai,South,1750000,32.49,0.0,301.35
2023-10-16,Chennai,ALL,5000000,30.71,4.54,820.0
2023-10-16,Chennai,North,1500000,30.71,4.54,246.0
2023-10-16,Chennai,Central,1750000,30.71,4.54,287.0
2023-10-16,Chennai,South,1750000,30.71,4.54,287.0
2023-10-17,Chennai,ALL,5000000,25.56,5.29,820.0
2023-10-17,Chennai,North,1500000,25.56,5.29,246.0
2023-10-17,Chennai,Central,1750000,25.56,5.29,287.0
2023-10-17,Chennai,South,1750000,25.56,5.29,287.0
2023-10-18,Chennai,ALL,5000000,31.02,2.17,820.0
2023-10-18,Chennai,North,1500000,31.02,2.17,246.0
2023-10-18,Chennai,Central,1750000,31.02,2.17,287.0
2023-10-18,Chennai,South,1750000,31.02,2.17,287.0
2023-10-19,Chennai,ALL,5000000,31.9,7.54,779.0
2023-10-19,Chennai,North,1500000,31.9,7.54,233.7
2023-10-19,Chennai,Central,1750000,31.9,7.54,272.65
2023-10-19,Chennai,South,1750000,31.9,7.54,272.65
2023-10-20,Chennai,ALL,5000000,30.55,3.5,820.0
2023-10-20,Chennai,North,1500000,30.55,3.5,246.0
2023-10-20,Chennai,Central,1750000,30.55,3.5,287.0
2023-10-20,Chennai,South,1750000,30.55,3.5,287.0
2023-10-21,Chennai,ALL,5000000,28.62,1.3,820.0
2023-10-21,Chennai,North,1500000,28.62,1.3,246.0
2023-10-21,Chennai,Central,1750000,28.62,1.3,287.0
2023-10-21,Chennai,South,1750000,28.62,1.3,287.0
2023-10-22,Chennai,ALL,5000000,32.49,1.29,861.0
2023-10-22,Chennai,North,1500000,32.49,1.29,258.3
2023-10-22,Chennai,Central,1750000,32.49,1.29,301.35
2023-10-22,Chennai,South,1750000,32.49,1.29,301.35
2023-10-23,Chennai,ALL,5000000,30.21,2.04,820.0
2023-10-23,Chennai,North,1500000,30.21,2.04,246.0
2023-10-23,Chennai,Central,1750000,30.21,2.04,287.0
2023-10-23,Chennai,South,1750000,30.21,2.04,287.0
2023-10-24,Chennai,ALL,5000000,31.44,3.67,820.0
2023-10-24,Chennai,North,1500000,31.44,3.67,246.0
2023-10-24,Chennai,Central,1750000,31.44,3.67,287.0
2023-10-24,Chennai,South,1750000,31.44,3.67,287.0
2023-10-25,Chennai,ALL,5000000,33.11,1.98,861.0
2023-10-25,Chennai,North,1500000,33.11,1.98,258.3
2023-10-25,Chennai,Central,1750000,33.11,1.98,301.35
2023-10-25,Chennai,South,1750000,33.11,1.98,301.35
2023-10-26,Chennai,ALL,5000000,29.19,1.04,820.0
2023-10-26,Chennai,North,1500000,29.19,1.04,246.0
2023-10-26,Chennai,Central,1750000,29.19,1.04,287.0
2023-10-26,Chennai,South,1750000,29.19,1.04,287.0
2023-10-27,Chennai,ALL,5000000,28.67,3.75,820.0
2023-10-27,Chennai,North,1500000,28.67,3.75,246.0
2023-10-27,Chennai,Central,1750000,28.67,3.75,287.0
2023-10-27,Chennai,South,1750000,28.67,3.75,287.0
2023-10-28,Chennai,ALL,5000000,32.27,1.16,861.0
2023-10-28,Chennai,North,1500000,32.27,1.16,258.3
2023-10-28,Chennai,Central,1750000,32.27,1.16,301.35
2023-10-28,Chennai,South,1750000,32.27,1.16,301.35
2023-10-29,Chennai,ALL,5000000,32.61,5.71,861.0
2023-10-29,Chennai,North,1500000,32.61,5.71,258.3
2023-10-29,Chennai,Central,1750000,32.61,5.71,301.35
2023-10-29,Chennai,South,1750000,32.61,5.71,301.35
2023-10-30,Chennai,ALL,5000000,31.24,6.75,779.0
2023-10-30,Chennai,North,1500000,31.24,6.75,233.7
2023-10-30,Chennai,Central,1750000,31.24,6.75,272.65
2023-10-30,Chennai,South,1750000,31.24,6.75,272.65
2023-10-31,Chennai,ALL,5000000,27.68,0.51,820.0
2023-10-31,Chennai,North,1500000,27.68,0.51,246.0
2023-10-31,Chennai,Central,1750000,27.68,0.51,287.0
2023-10-31,Chennai,South,1750000,27.68,0.51,287.0
2023-11-01,Chennai,ALL,5000000,24.66,5.99,820.0
2023-11-01,Chennai,North,1500000,24.66,5.99,246.0
2023-11-01,Chennai,Central,1750000,24.66,5.99,287.0
2023-11-01,Chennai,South,1750000,24.66,5.99,287.0
2023-11-02,Chennai,ALL,5000000,31.96,2.89,820.0
2023-11-02,Chennai,North,1500000,31.96,2.89,246.0
2023-11-02,Chennai,Central,1750000,31.96,2.89,287.0
2023-11-02,Chennai,South,1750000,31.96,2.89,287.0
2023-11-03,Chennai,ALL,5000000,30.84,0.75,820.0
2023-11-03,Chennai,North,1500000,30.84,0.75,246.0
2023-11-03,Chennai,Central,1750000,30.84,0.75,287.0
2023-11-03,Chennai,South,1750000,30.84,0.75,287.0
2023-11-04,Chennai,ALL,5000000,37.34,3.26,861.0
2023-11-04,Chennai,North,1500000,37.34,3.26,258.3
2023-11-04,Chennai,Central,1750000,37.34,3.26,301.35
2023-11-04,Chennai,South,1750000,37.34,3.26,301.35
2023-11-05,Chennai,ALL,5000000,30.33,4.45,820.0
2023-11-05,Chennai,North,1500000,30.33,4.45,246.0
2023-11-05,Chennai,Central,1750000,30.33,4.45,287.0
2023-11-05,Chennai,South,1750000,30.33,4.45,287.0
2023-11-06,Chennai,ALL,5000000,31.44,3.45,820.0
2023-11-06,Chennai,North,1500000,31.44,3.45,246.0
2023-11-06,Chennai,Central,1750000,31.44,3.45,287.0
2023-11-06,Chennai,South,1750000,31.44,3.45,287.0
2023-11-07,Chennai,ALL,5000000,27.63,3.94,820.0
2023-11-07,Chennai,North,1500000,27.63,3.94,246.0
2023-11-07,Chennai,Central,1750000,27.63,3.94,287.0
2023-11-07,Chennai,South,1750000,27.63,3.94,287.0
2023-11-08,Chennai,ALL,5000000,35.65,5.69,861.0
2023-11-08,Chennai,North,1500000,35.65,5.69,258.3
2023-11-08,Chennai,Central,1750000,35.65,5.69,301.35
2023-11-08,Chennai,South,1750000,35.65,5.69,301.35
2023-11-09,Chennai,ALL,5000000,34.78,1.98,861.0
2023-11-09,Chennai,North,1500000,34.78,1.98,258.3
2023-11-09,Chennai,Central,1750000,34.78,1.98,301.35
2023-11-09,Chennai,South,1750000,34.78,1.98,301.35
2023-11-10,Chennai,ALL,5000000,27.03,2.75,820.0
2023-11-10,Chennai,North,1500000,27.03,2.75,246.0
2023-11-10,Chennai,Central,1750000,27.03,2.75,287.0
2023-11-10,Chennai,South,1750000,27.03,2.75,287.0
2023-11-11,Chennai,ALL,5000000,30.17,5.19,820.0
2023-11-11,Chennai,North,1500000,30.17,5.19,246.0
2023-11-11,Chennai,Central,1750000,30.17,5.19,287.0
2023-11-11,Chennai,South,1750000,30.17,5.19,287.0
2023-11-12,Chennai,ALL,5000000,24.92,6.06,779.0
2023-11-12,Chennai,North,1500000,24.92,6.06,233.7
2023-11-12,Chennai,Central,1750000,24.92,6.06,272.65
2023-11-12,Chennai,South,1750000,24.92,6.06,272.65
2023-11-13,Chennai,ALL,5000000,29.53,2.15,820.0
2023-11-13,Chennai,North,1500000,29.53,2.15,246.0
2023-11-13,Chennai,Central,1750000,29.53,2.15,287.0
2023-11-13,Chennai,South,1750000,29.53,2.15,287.0
2023-11-14,Chennai,ALL,5000000,26.96,0.0,820.0
2023-11-14,Chennai,North,1500000,26.96,0.0,246.0
2023-11-14,Chennai,Central,1750000,26.96,0.0,287.0
2023-11-14,Chennai,South,1750000,26.96,0.0,287.0
2023-11-15,Chennai,ALL,5000000,32.47,3.15,861.0
2023-11-15,Chennai,North,1500000,32.47,3.15,258.3
2023-11-15,Chennai,Central,1750000,32.47,3.15,301.35
2023-11-15,Chennai,South,1750000,32.47,3.15,301.35
2023-11-16,Chennai,ALL,5000000,26.13,0.41,820.0
2023-11-16,Chennai,North,1500000,26.13,0.41,246.0
2023-11-16,Chennai,Central,1750000,26.13,0.41,287.0
2023-11-16,Chennai,South,1750000,26.13,0.41,287.0
2023-11-17,Chennai,ALL,5000000,28.99,6.34,779.0
2023-11-17,Chennai,North,1500000,28.99,6.34,233.7
2023-11-17,Chennai,Central,1750000,28.99,6.34,272.65
2023-11-17,Chennai,South,1750000,28.99,6.34,272.65
2023-11-18,Chennai,ALL,5000000,29.22,0.0,820.0
2023-11-18,Chennai,North,1500000,29.22,0.0,246.0
2023-11-18,Chennai,Central,1750000,29.22,0.0,287.0
2023-11-18,Chennai,South,1750000,29.22,0.0,287.0
2023-11-19,Chennai,ALL,5000000,29.26,2.45,820.0
2023-11-19,Chennai,North,1500000,29.26,2.45,246.0
2023-11-19,Chennai,Central,1750000,29.26,2.45,287.0
2023-11-19,Chennai,South,1750000,29.26,2.45,287.0
2023-11-20,Chennai,ALL,5000000,21.91,2.89,820.0
2023-11-20,Chennai,North,1500000,21.91,2.89,246.0
2023-11-20,Chennai,Central,1750000,21.91,2.89,287.0
2023-11-20,Chennai,South,1750000,21.91,2.89,287.0
2023-11-21,Chennai,ALL,5000000,29.31,4.39,820.0
2023-11-21,Chennai,North,1500000,29.31,4.39,246.0
2023-11-21,Chennai,Central,1750000,29.31,4.39,287.0
2023-11-21,Chennai,South,1750000,29.31,4.39,287.0
2023-11-22,Chennai,ALL,5000000,35.55,5.25,861.0
2023-11-22,Chennai,North,1500000,35.55,5.25,258.3
2023-11-22,Chennai,Central,1750000,35.55,5.25,301.35
2023-11-22,Chennai,South,1750000,35.55,5.25,301.35
2023-11-23,Chennai,ALL,5000000,29.19,0.79,820.0
2023-11-23,Chennai,North,1500000,29.19,0.79,246.0
2023-11-23,Chennai,Central,1750000,29.19,0.79,287.0
2023-11-23,Chennai,South,1750000,29.19,0.79,287.0
2023-11-24,Chennai,ALL,5000000,37.72,3.12,861.0
2023-11-24,Chennai,North,1500000,37.72,3.12,258.3
2023-11-24,Chennai,Central,1750000,37.72,3.12,301.35
2023-11-24,Chennai,South,1750000,37.72,3.12,301.35
2023-11-25,Chennai,ALL,5000000,30.04,2.95,820.0
2023-11-25,Chennai,North,1500000,30.04,2.95,246.0
2023-11-25,Chennai,Central,1750000,30.04,2.95,287.0
2023-11-25,Chennai,South,1750000,30.04,2.95,287.0
2023-11-26,Chennai,ALL,5000000,30.59,2.71,820.0
2023-11-26,Chennai,North,1500000,30.59,2.71,246.0
2023-11-26,Chennai,Central,1750000,30.59,2.71,287.0
2023-11-26,Chennai,South,1750000,30.59,2.71,287.0
2023-11-27,Chennai,ALL,5000000,28.28,1.91,820.0
2023-11-27,Chennai,North,1500000,28.28,1.91,246.0
2023-11-27,Chennai,Central,1750000,28.28,1.91,287.0
2023-11-27,Chennai,South,1750000,28.28,1.91,287.0
2023-11-28,Chennai,ALL,5000000,29.9,1.91,820.0
2023-11-28,Chennai,North,1500000,29.9,1.91,246.0
2023-11-28,Chennai,Central,1750000,29.9,1.91,287.0
2023-11-28,Chennai,South,1750000,29.9,1.91,287.0
2023-11-29,Chennai,ALL,5000000,27.86,3.21,820.0
2023-11-29,Chennai,North,1500000,27.86,3.21,246.0
2023-11-29,Chennai,Central,1750000,27.86,3.21,287.0
2023-11-29,Chennai,South,1750000,27.86,3.21,287.0
2023-11-30,Chennai,ALL,5000000,29.24,6.01,779.0
2023-11-30,Chennai,North,1500000,29.24,6.01,233.7
2023-11-30,Chennai,Central,1750000,29.24,6.01,272.65
2023-11-30,Chennai,South,1750000,29.24,6.01,272.65
2023-12-01,Chennai,ALL,5000000,22.05,5.18,820.0
2023-12-01,Chennai,North,1500000,22.05,5.18,246.0
2023-12-01,Chennai,Central,1750000,22.05,5.18,287.0
2023-12-01,Chennai,South,1750000,22.05,5.18,287.0
2023-12-02,Chennai,ALL,5000000,33.74,0.0,861.0
2023-12-02,Chennai,North,1500000,33.74,0.0,258.3
2023-12-02,Chennai,Central,1750000,33.74,0.0,301.35
2023-12-02,Chennai,South,1750000,33.74,0.0,301.35
2023-12-03,Chennai,ALL,5000000,28.97,2.26,820.0
2023-12-03,Chennai,North,1500000,28.97,2.26,246.0
2023-12-03,Chennai,Central,1750000,28.97,2.26,287.0
2023-12-03,Chennai,South,1750000,28.97,2.26,287.0
2023-12-04,Chennai,ALL,5000000,25.78,1.44,820.0
2023-12-04,Chennai,North,1500000,25.78,1.44,246.0
2023-12-04,Chennai,Central,1750000,25.78,1.44,287.0
2023-12-04,Chennai,South,1750000,25.78,1.44,287.0
2023-12-05,Chennai,ALL,5000000,26.67,6.5,779.0
2023-12-05,Chennai,North,1500000,26.67,6.5,233.7
2023-12-05,Chennai,Central,1750000,26.67,6.5,272.65
2023-12-05,Chennai,South,1750000,26.67,6.5,272.65
2023-12-06,Chennai,ALL,5000000,32.81,5.54,861.0
2023-12-06,Chennai,North,1500000,32.81,5.54,258.3
2023-12-06,Chennai,Central,1750000,32.81,5.54,301.35
2023-12-06,Chennai,South,1750000,32.81,5.54,301.35
2023-12-07,Chennai,ALL,5000000,32.17,0.74,861.0
2023-12-07,Chennai,North,1500000,32.17,0.74,258.3
2023-12-07,Chennai,Central,1750000,32.17,0.74,301.35
2023-12-07,Chennai,South,1750000,32.17,0.74,301.35
2023-12-08,Chennai,ALL,5000000,28.43,3.98,820.0
2023-12-08,Chennai,North,1500000,28.43,3.98,246.0
2023-12-08,Chennai,Central,1750000,28.43,3.98,287.0
2023-12-08,Chennai,South,1750000,28.43,3.98,287.0
2023-12-09,Chennai,ALL,5000000,26.33,4.43,820.0
2023-12-09,Chennai,North,1500000,26.33,4.43,246.0
2023-12-09,Chennai,Central,1750000,26.33,4.43,287.0
2023-12-09,Chennai,South,1750000,26.33,4.43,287.0
2023-12-10,Chennai,ALL,5000000,29.28,2.25,820.0
2023-12-10,Chennai,North,1500000,29.28,2.25,246.0
2023-12-10,Chennai,Central,1750000,29.28,2.25,287.0
2023-12-10,Chennai,South,1750000,29.28,2.25,287.0
2023-12-11,Chennai,ALL,5000000,32.13,3.89,861.0
2023-12-11,Chennai,North,1500000,32.13,3.89,258.3
2023-12-11,Chennai,Central,1750000,32.13,3.89,301.35
2023-12-11,Chennai,South,1750000,32.13,3.89,301.35
2023-12-12,Chennai,ALL,5000000,28.92,5.32,820.0
2023-12-12,Chennai,North,1500000,28.92,5.32,246.0
2023-12-12,Chennai,Central,1750000,28.92,5.32,287.0
2023-12-12,Chennai,South,1750000,28.92,5.32,287.0
2023-12-13,Chennai,ALL,5000000,26.76,4.23,820.0
2023-12-13,Chennai,North,1500000,26.76,4.23,246.0
2023-12-13,Chennai,Central,1750000,26.76,4.23,287.0
2023-12-13,Chennai,South,1750000,26.76,4.23,287.0
2023-12-14,Chennai,ALL,5000000,31.78,2.38,820.0
2023-12-14,Chennai,North,1500000,31.78,2.38,246.0
2023-12-14,Chennai,Central,1750000,31.78,2.38,287.0
2023-12-14,Chennai,South,1750000,31.78,2.38,287.0
2023-12-15,Chennai,ALL,5000000,30.98,0.5,820.0
2023-12-15,Chennai,North,1500000,30.98,0.5,246.0
2023-12-15,Chennai,Central,1750000,30.98,0.5,287.0
2023-12-15,Chennai,South,1750000,30.98,0.5,287.0
2023-12-16,Chennai,ALL,5000000,32.77,2.63,861.0
2023-12-16,Chennai,North,1500000,32.77,2.63,258.3
2023-12-16,Chennai,Central,1750000,32.77,2.63,301.35
2023-12-16,Chennai,South,1750000,32.77,2.63,301.35
2023-12-17,Chennai,ALL,5000000,28.43,5.1,820.0
2023-12-17,Chennai,North,1500000,28.43,5.1,246.0
2023-12-17,Chennai,Central,1750000,28.43,5.1,287.0
2023-12-17,Chennai,South,1750000,28.43,5.1,287.0
2023-12-18,Chennai,ALL,5000000,27.89,0.18,820.0
2023-12-18,Chennai,North,1500000,27.89,0.18,246.0
2023-12-18,Chennai,Central,1750000,27.89,0.18,287.0
2023-12-18,Chennai,South,1750000,27.89,0.18,287.0
2023-12-19,Chennai,ALL,5000000,25.33,4.21,820.0
2023-12-19,Chennai,North,1500000,25.33,4.21,246.0
2023-12-19,Chennai,Central,1750000,25.33,4.21,287.0
2023-12-19,Chennai,South,1750000,25.33,4.21,287.0
2023-12-20,Chennai,ALL,5000000,26.16,6.51,779.0
2023-12-20,Chennai,North,1500000,26.16,6.51,233.7
2023-12-20,Chennai,Central,1750000,26.16,6.51,272.65
2023-12-20,Chennai,South,1750000,26.16,6.51,272.65
2023-12-21,Chennai,ALL,5000000,23.75,6.39,779.0
2023-12-21,Chennai,North,1500000,23.75,6.39,233.7
2023-12-21,Chennai,Central,1750000,23.75,6.39,272.65
2023-12-21,Chennai,South,1750000,23.75,6.39,272.65
2023-12-22,Chennai,ALL,5000000,30.63,2.81,820.0
2023-12-22,Chennai,North,1500000,30.63,2.81,246.0
2023-12-22,Chennai,Central,1750000,30.63,2.81,287.0
2023-12-22,Chennai,South,1750000,30.63,2.81,287.0
2023-12-23,Chennai,ALL,5000000,28.37,3.8,820.0
2023-12-23,Chennai,North,1500000,28.37,3.8,246.0
2023-12-23,Chennai,Central,1750000,28.37,3.8,287.0
2023-12-23,Chennai,South,1750000,28.37,3.8,287.0
2023-12-24,Chennai,ALL,5000000,29.89,5.21,820.0
2023-12-24,Chennai,North,1500000,29.89,5.21,246.0
2023-12-24,Chennai,Central,1750000,29.89,5.21,287.0
2023-12-24,Chennai,South,1750000,29.89,5.21,287.0
2023-12-25,Chennai,ALL,5000000,30.34,3.3,820.0
2023-12-25,Chennai,North,1500000,30.34,3.3,246.0
2023-12-25,Chennai,Central,1750000,30.34,3.3,287.0
2023-12-25,Chennai,South,1750000,30.34,3.3,287.0
2023-12-26,Chennai,ALL,5000000,28.91,2.89,820.0
2023-12-26,Chennai,North,1500000,28.91,2.89,246.0
2023-12-26,Chennai,Central,1750000,28.91,2.89,287.0
2023-12-26,Chennai,South,1750000,28.91,2.89,287.0
2023-12-27,Chennai,ALL,5000000,30.92,0.0,820.0
2023-12-27,Chennai,North,1500000,30.92,0.0,246.0
2023-12-27,Chennai,Central,1750000,30.92,0.0,287.0
2023-12-27,Chennai,South,1750000,30.92,0.0,287.0
2023-12-28,Chennai,ALL,5000000,25.96,4.49,820.0
2023-12-28,Chennai,North,1500000,25.96,4.49,246.0
2023-12-28,Chennai,Central,1750000,25.96,4.49,287.0
2023-12-28,Chennai,South,1750000,25.96,4.49,287.0
2023-12-29,Chennai,ALL,5000000,30.51,2.63,820.0
2023-12-29,Chennai,North,1500000,30.51,2.63,246.0
2023-12-29,Chennai,Central,1750000,30.51,2.63,287.0
2023-12-29,Chennai,South,1750000,30.51,2.63,287.0
2023-12-30,Chennai,ALL,5000000,30.06,3.7,820.0
2023-12-30,Chennai,North,1500000,30.06,3.7,246.0
2023-12-30,Chennai,Central,1750000,30.06,3.7,287.0
2023-12-30,Chennai,South,1750000,30.06,3.7,287.0
2023-12-31,Chennai,ALL,5000000,28.38,1.44,820.0
2023-12-31,Chennai,North,1500000,28.38,1.44,246.0
2023-12-31,Chennai,Central,1750000,28.38,1.44,287.0
2023-12-31,Chennai,South,1750000,28.38,1.44,287.0
2023-01-01,Coimbatore,ALL,2300000,30.59,1.04,460.0
2023-01-01,Coimbatore,East,1035000,30.59,1.04,207.0
2023-01-01,Coimbatore,West,1265000,30.59,1.04,253.0
2023-01-02,Coimbatore,ALL,2300000,31.22,0.0,460.0
2023-01-02,Coimbatore,East,1035000,31.22,0.0,207.0
2023-01-02,Coimbatore,West,1265000,31.22,0.0,253.0
2023-01-03,Coimbatore,ALL,2300000,33.09,3.95,483.0
2023-01-03,Coimbatore,East,1035000,33.09,3.95,217.35
2023-01-03,Coimbatore,West,1265000,33.09,3.95,265.65
2023-01-04,Coimbatore,ALL,2300000,30.77,4.97,460.0
2023-01-04,Coimbatore,East,1035000,30.77,4.97,207.0
2023-01-04,Coimbatore,West,1265000,30.77,4.97,253.0
2023-01-05,Coimbatore,ALL,2300000,35.0,5.03,483.0
2023-01-05,Coimbatore,East,1035000,35.0,5.03,217.35
2023-01-05,Coimbatore,West,1265000,35.0,5.03,265.65
2023-01-06,Coimbatore,ALL,2300000,24.48,0.44,460.0
2023-01-06,Coimbatore,East,1035000,24.48,0.44,207.0
2023-01-06,Coimbatore,West,1265000,24.48,0.44,253.0
2023-01-07,Coimbatore,ALL,2300000,28.13,3.05,460.0
2023-01-07,Coimbatore,East,1035000,28.13,3.05,207.0
2023-01-07,Coimbatore,West,1265000,28.13,3.05,253.0
2023-01-08,Coimbatore,ALL,2300000,31.55,1.55,460.0
2023-01-08,Coimbatore,East,1035000,31.55,1.55,207.0
2023-01-08,Coimbatore,West,1265000,31.55,1.55,253.0
2023-01-09,Coimbatore,ALL,2300000,30.56,1.49,460.0
2023-01-09,Coimbatore,East,1035000,30.56,1.49,207.0
2023-01-09,Coimbatore,West,1265000,30.56,1.49,253.0
2023-01-10,Coimbatore,ALL,2300000,28.17,0.19,460.0
2023-01-10,Coimbatore,East,1035000,28.17,0.19,207.0
2023-01-10,Coimbatore,West,1265000,28.17,0.19,253.0
2023-01-11,Coimbatore,ALL,2300000,27.23,0.3,460.0
2023-01-11,Coimbatore,East,1035000,27.23,0.3,207.0
2023-01-11,Coimbatore,West,1265000,27.23,0.3,253.0
2023-01-12,Coimbatore,ALL,2300000,27.07,5.11,460.0
2023-01-12,Coimbatore,East,1035000,27.07,5.11,207.0
2023-01-12,Coimbatore,West,1265000,27.07,5.11,253.0
2023-01-13,Coimbatore,ALL,2300000,27.15,8.26,437.0
2023-01-13,Coimbatore,East,1035000,27.15,8.26,196.65
2023-01-13,Coimbatore,West,1265000,27.15,8.26,240.35
2023-01-14,Coimbatore,ALL,2300000,31.48,3.37,460.0
2023-01-14,Coimbatore,East,1035000,31.48,3.37,207.0
2023-01-14,Coimbatore,West,1265000,31.48,3.37,253.0
2023-01-15,Coimbatore,ALL,2300000,27.42,4.4,460.0
2023-01-15,Coimbatore,East,1035000,27.42,4.4,207.0
2023-01-15,Coimbatore,West,1265000,27.42,4.4,253.0
2023-01-16,Coimbatore,ALL,2300000,28.27,3.24,460.0
2023-01-16,Coimbatore,East,1035000,28.27,3.24,207.0
2023-01-16,Coimbatore,West,1265000,28.27,3.24,253.0
2023-01-17,Coimbatore,ALL,2300000,37.68,2.81,483.0
2023-01-17,Coimbatore,East,1035000,37.68,2.81,217.35
2023-01-17,Coimbatore,West,1265000,37.68,2.81,265.65
2023-01-18,Coimbatore,ALL,2300000,33.45,1.59,483.0
2023-01-18,Coimbatore,East,1035000,33.45,1.59,217.35
2023-01-18,Coimbatore,West,1265000,33.45,1.59,265.65
2023-01-19,Coimbatore,ALL,2300000,29.9,6.54,437.0
2023-01-19,Coimbatore,East,1035000,29.9,6.54,196.65
2023-01-19,Coimbatore,West,1265000,29.9,6.54,240.35
2023-01-20,Coimbatore,ALL,2300000,28.12,6.62,437.0
2023-01-20,Coimbatore,East,1035000,28.12,6.62,196.65
2023-01-20,Coimbatore,West,1265000,28.12,6.62,240.35
2023-01-21,Coimbatore,ALL,2300000,32.12,1.88,483.0
2023-01-21,Coimbatore,East,1035000,32.12,1.88,217.35
2023-01-21,Coimbatore,West,1265000,32.12,1.88,265.65
2023-01-22,Coimbatore,ALL,2300000,31.9,4.95,460.0
2023-01-22,Coimbatore,East,1035000,31.9,4.95,207.0
2023-01-22,Coimbatore,West,1265000,31.9,4.95,253.0
2023-01-23,Coimbatore,ALL,2300000,31.87,0.0,460.0
2023-01-23,Coimbatore,East,1035000,31.87,0.0,207.0
2023-01-23,Coimbatore,West,1265000,31.87,0.0,253.0
2023-01-24,Coimbatore,ALL,2300000,27.82,2.5,460.0
2023-01-24,Coimbatore,East,1035000,27.82,2.5,207.0
2023-01-24,Coimbatore,West,1265000,27.82,2.5,253.0
2023-01-25,Coimbatore,ALL,2300000,29.78,4.24,460.0
2023-01-25,Coimbatore,East,1035000,29.78,4.24,207.0
2023-01-25,Coimbatore,West,1265000,29.78,4.24,253.0
2023-01-26,Coimbatore,ALL,2300000,30.53,0.33,460.0
2023-01-26,Coimbatore,East,1035000,30.53,0.33,207.0
2023-01-26,Coimbatore,West,1265000,30.53,0.33,253.0
2023-01-27,Coimbatore,ALL,2300000,31.14,4.22,460.0
2023-01-27,Coimbatore,East,1035000,31.14,4.22,207.0
2023-01-27,Coimbatore,West,1265000,31.14,4.22,253.0
2023-01-28,Coimbatore,ALL,2300000,31.68,5.16,460.0
2023-01-28,Coimbatore,East,1035000,31.68,5.16,207.0
2023-01-28,Coimbatore,West,1265000,31.68,5.16,253.0
2023-01-29,Coimbatore,ALL,2300000,32.5,3.92,483.0
2023-01-29,Coimbatore,East,1035000,32.5,3.92,217.35
2023-01-29,Coimbatore,West,1265000,32.5,3.92,265.65
2023-01-30,Coimbatore,ALL,2300000,29.79,0.0,460.0
2023-01-30,Coimbatore,East,1035000,29.79,0.0,207.0
2023-01-30,Coimbatore,West,1265000,29.79,0.0,253.0
2023-01-31,Coimbatore,ALL,2300000,31.29,3.42,460.0
2023-01-31,Coimbatore,East,1035000,31.29,3.42,207.0
2023-01-31,Coimbatore,West,1265000,31.29,3.42,253.0
2023-02-01,Coimbatore,ALL,2300000,30.81,0.45,460.0
2023-02-01,Coimbatore,East,1035000,30.81,0.45,207.0
2023-02-01,Coimbatore,West,1265000,30.81,0.45,253.0
2023-02-02,Coimbatore,ALL,2300000,26.76,5.11,460.0
2023-02-02,Coimbatore,East,1035000,26.76,5.11,207.0
2023-02-02,Coimbatore,West,1265000,26.76,5.11,253.0
2023-02-03,Coimbatore,ALL,2300000,29.88,4.36,460.0
2023-02-03,Coimbatore,East,1035000,29.88,4.36,207.0
2023-02-03,Coimbatore,West,1265000,29.88,4.36,253.0
2023-02-04,Coimbatore,ALL,2300000,30.08,3.06,460.0
2023-02-04,Coimbatore,East,1035000,30.08,3.06,207.0
2023-02-04,Coimbatore,West,1265000,30.08,3.06,253.0
2023-02-05,Coimbatore,ALL,2300000,32.81,1.97,483.0
2023-02-05,Coimbatore,East,1035000,32.81,1.97,217.35
2023-02-05,Coimbatore,West,1265000,32.81,1.97,265.65
2023-02-06,Coimbatore,ALL,2300000,30.29,2.08,460.0
2023-02-06,Coimbatore,East,1035000,30.29,2.08,207.0
2023-02-06,Coimbatore,West,1265000,30.29,2.08,253.0
2023-02-07,Coimbatore,ALL,2300000,28.7,2.38,460.0
2023-02-07,Coimbatore,East,1035000,28.7,2.38,207.0
2023-02-07,Coimbatore,West,1265000,28.7,2.38,253.0
2023-02-08,Coimbatore,ALL,2300000,30.67,2.04,460.0
2023-02-08,Coimbatore,East,1035000,30.67,2.04,207.0
2023-02-08,Coimbatore,West,1265000,30.67,2.04,253.0
2023-02-09,Coimbatore,ALL,2300000,33.77,1.21,483.0
2023-02-09,Coimbatore,East,1035000,33.77,1.21,217.35
2023-02-09,Coimbatore,West,1265000,33.77,1.21,265.65
2023-02-10,Coimbatore,ALL,2300000,29.44,2.12,460.0
2023-02-10,Coimbatore,East,1035000,29.44,2.12,207.0
2023-02-10,Coimbatore,West,1265000,29.44,2.12,253.0
2023-02-11,Coimbatore,ALL,2300000,34.34,3.39,483.0
2023-02-11,Coimbatore,East,1035000,34.34,3.39,217.35
2023-02-11,Coimbatore,West,1265000,34.34,3.39,265.65
2023-02-12,Coimbatore,ALL,2300000,33.1,0.03,483.0
2023-02-12,Coimbatore,East,1035000,33.1,0.03,217.35
2023-02-12,Coimbatore,West,1265000,33.1,0.03,265.65
2023-02-13,Coimbatore,ALL,2300000,30.8,4.78,460.0
2023-02-13,Coimbatore,East,1035000,30.8,4.78,207.0
2023-02-13,Coimbatore,West,1265000,30.8,4.78,253.0
2023-02-14,Coimbatore,ALL,2300000,30.25,5.13,460.0
2023-02-14,Coimbatore,East,1035000,30.25,5.13,207.0
2023-02-14,Coimbatore,West,1265000,30.25,5.13,253.0
2023-02-15,Coimbatore,ALL,2300000,28.45,5.82,460.0
2023-02-15,Coimbatore,East,1035000,28.45,5.82,207.0
2023-02-15,Coimbatore,West,1265000,28.45,5.82,253.0
2023-02-16,Coimbatore,ALL,2300000,36.9,2.27,483.0
2023-02-16,Coimbatore,East,1035000,36.9,2.27,217.35
2023-02-16,Coimbatore,West,1265000,36.9,2.27,265.65
2023-02-17,Coimbatore,ALL,2300000,28.66,5.91,460.0
2023-02-17,Coimbatore,East,1035000,28.66,5.91,207.0
2023-02-17,Coimbatore,West,1265000,28.66,5.91,253.0
2023-02-18,Coimbatore,ALL,2300000,34.74,1.95,483.0
2023-02-18,Coimbatore,East,1035000,34.74,1.95,217.35
2023-02-18,Coimbatore,West,1265000,34.74,1.95,265.65
2023-02-19,Coimbatore,ALL,2300000,28.74,2.44,460.0
2023-02-19,Coimbatore,East,1035000,28.74,2.44,207.0
2023-02-19,Coimbatore,West,1265000,28.74,2.44,253.0
2023-02-20,Coimbatore,ALL,2300000,25.97,1.16,460.0
2023-02-20,Coimbatore,East,1035000,25.97,1.16,207.0
2023-02-20,Coimbatore,West,1265000,25.97,1.16,253.0
2023-02-21,Coimbatore,ALL,2300000,26.99,1.46,460.0
2023-02-21,Coimbatore,East,1035000,26.99,1.46,207.0
2023-02-21,Coimbatore,West,1265000,26.99,1.46,253.0
2023-02-22,Coimbatore,ALL,2300000,29.9,3.47,460.0
2023-02-22,Coimbatore,East,1035000,29.9,3.47,207.0
2023-02-22,Coimbatore,West,1265000,29.9,3.47,253.0
2023-02-23,Coimbatore,ALL,2300000,34.65,1.0,483.0
2023-02-23,Coimbatore,East,1035000,34.65,1.0,217.35
2023-02-23,Coimbatore,West,1265000,34.65,1.0,265.65
2023-02-24,Coimbatore,ALL,2300000,32.95,2.57,483.0
2023-02-24,Coimbatore,East,1035000,32.95,2.57,217.35
2023-02-24,Coimbatore,West,1265000,32.95,2.57,265.65
2023-02-25,Coimbatore,ALL,2300000,29.85,4.35,460.0
2023-02-25,Coimbatore,East,1035000,29.85,4.35,207.0
2023-02-25,Coimbatore,West,1265000,29.85,4.35,253.0
2023-02-26,Coimbatore,ALL,2300000,26.63,3.76,460.0
2023-02-26,Coimbatore,East,1035000,26.63,3.76,207.0
2023-02-26,Coimbatore,West,1265000,26.63,3.76,253.0
2023-02-27,Coimbatore,ALL,2300000,30.5,3.98,460.0
2023-02-27,Coimbatore,East,1035000,30.5,3.98,207.0
2023-02-27,Coimbatore,West,1265000,30.5,3.98,253.0
2023-02-28,Coimbatore,ALL,2300000,30.87,7.91,437.0
2023-02-28,Coimbatore,East,1035000,30.87,7.91,196.65
2023-02-28,Coimbatore,West,1265000,30.87,7.91,240.35
2023-03-01,Coimbatore,ALL,2300000,28.09,1.94,460.0
2023-03-01,Coimbatore,East,1035000,28.09,1.94,207.0
2023-03-01,Coimbatore,West,1265000,28.09,1.94,253.0
2023-03-02,Coimbatore,ALL,2300000,28.13,1.89,460.0
2023-03-02,Coimbatore,East,1035000,28.13,1.89,207.0
2023-03-02,Coimbatore,West,1265000,28.13,1.89,253.0
2023-03-03,Coimbatore,ALL,2300000,28.09,5.38,460.0
2023-03-03,Coimbatore,East,1035000,28.09,5.38,207.0
2023-03-03,Coimbatore,West,1265000,28.09,5.38,253.0
2023-03-04,Coimbatore,ALL,2300000,34.26,1.86,483.0
2023-03-04,Coimbatore,East,1035000,34.26,1.86,217.35
2023-03-04,Coimbatore,West,1265000,34.26,1.86,265.65
2023-03-05,Coimbatore,ALL,2300000,27.5,3.94,460.0
2023-03-05,Coimbatore,East,1035000,27.5,3.94,207.0
2023-03-05,Coimbatore,West,1265000,27.5,3.94,253.0
2023-03-06,Coimbatore,ALL,2300000,28.34,4.27,460.0
2023-03-06,Coimbatore,East,1035000,28.34,4.27,207.0
2023-03-06,Coimbatore,West,1265000,28.34,4.27,253.0
2023-03-07,Coimbatore,ALL,2300000,30.61,0.0,460.0
2023-03-07,Coimbatore,East,1035000,30.61,0.0,207.0
2023-03-07,Coimbatore,West,1265000,30.61,0.0,253.0
2023-03-08,Coimbatore,ALL,2300000,34.64,6.59,483.0
2023-03-08,Coimbatore,East,1035000,34.64,6.59,217.35
2023-03-08,Coimbatore,West,1265000,34.64,6.59,265.65
2023-03-09,Coimbatore,ALL,2300000,28.16,2.22,460.0
2023-03-09,Coimbatore,East,1035000,28.16,2.22,207.0
2023-03-09,Coimbatore,West,1265000,28.16,2.22,253.0
2023-03-10,Coimbatore,ALL,2300000,30.86,3.67,460.0
2023-03-10,Coimbatore,East,1035000,30.86,3.67,207.0
2023-03-10,Coimbatore,West,1265000,30.86,3.67,253.0
2023-03-11,Coimbatore,ALL,2300000,31.98,7.02,437.0
2023-03-11,Coimbatore,East,1035000,31.98,7.02,196.65
2023-03-11,Coimbatore,West,1265000,31.98,7.02,240.35
2023-03-12,Coimbatore,ALL,2300000,29.47,1.4,460.0
2023-03-12,Coimbatore,East,1035000,29.47,1.4,207.0
2023-03-12,Coimbatore,West,1265000,29.47,1.4,253.0
2023-03-13,Coimbatore,ALL,2300000,25.86,1.54,460.0
2023-03-13,Coimbatore,East,1035000,25.86,1.54,207.0
2023-03-13,Coimbatore,West,1265000,25.86,1.54,253.0
2023-03-14,Coimbatore,ALL,2300000,29.9,6.59,437.0
2023-03-14,Coimbatore,East,1035000,29.9,6.59,196.65
2023-03-14,Coimbatore,West,1265000,29.9,6.59,240.35
2023-03-15,Coimbatore,ALL,2300000,28.45,3.45,460.0
2023-03-15,Coimbatore,East,1035000,28.45,3.45,207.0
2023-03-15,Coimbatore,West,1265000,28.45,3.45,253.0
2023-03-16,Coimbatore,ALL,2300000,29.95,5.38,460.0
2023-03-16,Coimbatore,East,1035000,29.95,5.38,207.0
2023-03-16,Coimbatore,West,1265000,29.95,5.38,253.0
2023-03-17,Coimbatore,ALL,2300000,37.58,1.94,483.0
2023-03-17,Coimbatore,East,1035000,37.58,1.94,217.35
2023-03-17,Coimbatore,West,1265000,37.58,1.94,265.65
2023-03-18,Coimbatore,ALL,2300000,28.53,5.09,460.0
2023-03-18,Coimbatore,East,1035000,28.53,5.09,207.0
2023-03-18,Coimbatore,West,1265000,28.53,5.09,253.0
2023-03-19,Coimbatore,ALL,2300000,32.05,6.69,483.0
2023-03-19,Coimbatore,East,1035000,32.05,6.69,217.35
2023-03-19,Coimbatore,West,1265000,32.05,6.69,265.65
2023-03-20,Coimbatore,ALL,2300000,31.75,2.28,460.0
2023-03-20,Coimbatore,East,1035000,31.75,2.28,207.0
2023-03-20,Coimbatore,West,1265000,31.75,2.28,253.0
2023-03-21,Coimbatore,ALL,2300000,31.77,5.22,460.0
2023-03-21,Coimbatore,East,1035000,31.77,5.22,207.0
2023-03-21,Coimbatore,West,1265000,31.77,5.22,253.0
2023-03-22,Coimbatore,ALL,2300000,32.46,4.01,483.0
2023-03-22,Coimbatore,East,1035000,32.46,4.01,217.35
2023-03-22,Coimbatore,West,1265000,32.46,4.01,265.65
2023-03-23,Coimbatore,ALL,2300000,33.2,5.34,483.0
2023-03-23,Coimbatore,East,1035000,33.2,5.34,217.35
2023-03-23,Coimbatore,West,1265000,33.2,5.34,265.65
2023-03-24,Coimbatore,ALL,2300000,34.15,4.3,483.0
2023-03-24,Coimbatore,East,1035000,34.15,4.3,217.35
2023-03-24,Coimbatore,West,1265000,34.15,4.3,265.65
2023-03-25,Coimbatore,ALL,2300000,29.5,3.29,460.0
2023-03-25,Coimbatore,East,1035000,29.5,3.29,207.0
2023-03-25,Coimbatore,West,1265000,29.5,3.29,253.0
2023-03-26,Coimbatore,ALL,2300000,33.62,1.37,483.0
2023-03-26,Coimbatore,East,1035000,33.62,1.37,217.35
2023-03-26,Coimbatore,West,1265000,33.62,1.37,265.65
2023-03-27,Coimbatore,ALL,2300000,31.11,2.21,460.0
2023-03-27,Coimbatore,East,1035000,31.11,2.21,207.0
2023-03-27,Coimbatore,West,1265000,31.11,2.21,253.0
2023-03-28,Coimbatore,ALL,2300000,30.09,5.56,460.0
2023-03-28,Coimbatore,East,1035000,30.09,5.56,207.0
2023-03-28,Coimbatore,West,1265000,30.09,5.56,253.0
2023-03-29,Coimbatore,ALL,2300000,30.57,3.09,460.0
2023-03-29,Coimbatore,East,1035000,30.57,3.09,207.0
2023-03-29,Coimbatore,West,1265000,30.57,3.09,253.0
2023-03-30,Coimbatore,ALL,2300000,25.92,4.49,460.0
2023-03-30,Coimbatore,East,1035000,25.92,4.49,207.0
2023-03-30,Coimbatore,West,1265000,25.92,4.49,253.0
2023-03-31,Coimbatore,ALL,2300000,31.94,7.33,437.0
2023-03-31,Coimbatore,East,1035000,31.94,7.33,196.65
2023-03-31,Coimbatore,West,1265000,31.94,7.33,240.35
2023-04-01,Coimbatore,ALL,2300000,29.08,3.44,460.0
2023-04-01,Coimbatore,East,1035000,29.08,3.44,207.0
2023-04-01,Coimbatore,West,1265000,29.08,3.44,253.0
2023-04-02,Coimbatore,ALL,2300000,30.75,6.15,437.0
2023-04-02,Coimbatore,East,1035000,30.75,6.15,196.65
2023-04-02,Coimbatore,West,1265000,30.75,6.15,240.35
2023-04-03,Coimbatore,ALL,2300000,29.71,3.56,460.0
2023-04-03,Coimbatore,East,1035000,29.71,3.56,207.0
2023-04-03,Coimbatore,West,1265000,29.71,3.56,253.0
2023-04-04,Coimbatore,ALL,2300000,31.82,3.37,460.0
2023-04-04,Coimbatore,East,1035000,31.82,3.37,207.0
2023-04-04,Coimbatore,West,1265000,31.82,3.37,253.0
2023-04-05,Coimbatore,ALL,2300000,28.66,3.39,460.0
2023-04-05,Coimbatore,East,1035000,28.66,3.39,207.0
2023-04-05,Coimbatore,West,1265000,28.66,3.39,253.0
2023-04-06,Coimbatore,ALL,2300000,33.22,0.95,483.0
2023-04-06,Coimbatore,East,1035000,33.22,0.95,217.35
2023-04-06,Coimbatore,West,1265000,33.22,0.95,265.65
2023-04-07,Coimbatore,ALL,2300000,30.4,1.6,460.0
2023-04-07,Coimbatore,East,1035000,30.4,1.6,207.0
2023-04-07,Coimbatore,West,1265000,30.4,1.6,253.0
2023-04-08,Coimbatore,ALL,2300000,33.59,0.0,483.0
2023-04-08,Coimbatore,East,1035000,33.59,0.0,217.35
2023-04-08,Coimbatore,West,1265000,33.59,0.0,265.65
2023-04-09,Coimbatore,ALL,2300000,28.32,3.75,460.0
2023-04-09,Coimbatore,East,1035000,28.32,3.75,207.0
2023-04-09,Coimbatore,West,1265000,28.32,3.75,253.0
2023-04-10,Coimbatore,ALL,2300000,34.7,2.87,483.0
2023-04-10,Coimbatore,East,1035000,34.7,2.87,217.35
2023-04-10,Coimbatore,West,1265000,34.7,2.87,265.65
2023-04-11,Coimbatore,ALL,2300000,28.33,6.76,437.0
2023-04-11,Coimbatore,East,1035000,28.33,6.76,196.65
2023-04-11,Coimbatore,West,1265000,28.33,6.76,240.35
2023-04-12,Coimbatore,ALL,2300000,25.66,0.0,460.0
2023-04-12,Coimbatore,East,1035000,25.66,0.0,207.0
2023-04-12,Coimbatore,West,1265000,25.66,0.0,253.0
2023-04-13,Coimbatore,ALL,2300000,31.32,2.0,460.0
2023-04-13,Coimbatore,East,1035000,31.32,2.0,207.0
2023-04-13,Coimbatore,West,1265000,31.32,2.0,253.0
2023-04-14,Coimbatore,ALL,2300000,26.94,4.42,460.0
2023-04-14,Coimbatore,East,1035000,26.94,4.42,207.0
2023-04-14,Coimbatore,West,1265000,26.94,4.42,253.0
2023-04-15,Coimbatore,ALL,2300000,30.73,1.87,460.0
2023-04-15,Coimbatore,East,1035000,30.73,1.87,207.0
2023-04-15,Coimbatore,West,1265000,30.73,1.87,253.0
2023-04-16,Coimbatore,ALL,2300000,26.16,4.74,460.0
2023-04-16,Coimbatore,East,1035000,26.16,4.74,207.0
2023-04-16,Coimbatore,West,1265000,26.16,4.74,253.0
2023-04-17,Coimbatore,ALL,2300000,31.95,2.8,460.0
2023-04-17,Coimbatore,East,1035000,31.95,2.8,207.0
2023-04-17,Coimbatore,West,1265000,31.95,2.8,253.0
2023-04-18,Coimbatore,ALL,2300000,35.54,0.86,483.0
2023-04-18,Coimbatore,East,1035000,35.54,0.86,217.35
2023-04-18,Coimbatore,West,1265000,35.54,0.86,265.65
2023-04-19,Coimbatore,ALL,2300000,25.42,1.62,460.0
2023-04-19,Coimbatore,East,1035000,25.42,1.62,207.0
2023-04-19,Coimbatore,West,1265000,25.42,1.62,253.0
2023-04-20,Coimbatore,ALL,2300000,29.86,3.49,460.0
2023-04-20,Coimbatore,East,1035000,29.86,3.49,207.0
2023-04-20,Coimbatore,West,1265000,29.86,3.49,253.0
2023-04-21,Coimbatore,ALL,2300000,29.28,3.7,460.0
2023-04-21,Coimbatore,East,1035000,29.28,3.7,207.0
2023-04-21,Coimbatore,West,1265000,29.28,3.7,253.0
2023-04-22,Coimbatore,ALL,2300000,26.25,5.89,460.0
2023-04-22,Coimbatore,East,1035000,26.25,5.89,207.0
2023-04-22,Coimbatore,West,1265000,26.25,5.89,253.0
2023-04-23,Coimbatore,ALL,2300000,29.75,5.23,460.0
2023-04-23,Coimbatore,East,1035000,29.75,5.23,207.0
2023-04-23,Coimbatore,West,1265000,29.75,5.23,253.0
2023-04-24,Coimbatore,ALL,2300000,31.03,3.91,460.0
2023-04-24,Coimbatore,East,1035000,31.03,3.91,207.0
2023-04-24,Coimbatore,West,1265000,31.03,3.91,253.0
2023-04-25,Coimbatore,ALL,2300000,31.71,3.9,460.0
2023-04-25,Coimbatore,East,1035000,31.71,3.9,207.0
2023-04-25,Coimbatore,West,1265000,31.71,3.9,253.0
2023-04-26,Coimbatore,ALL,2300000,31.93,5.66,460.0
2023-04-26,Coimbatore,East,1035000,31.93,5.66,207.0
2023-04-26,Coimbatore,West,1265000,31.93,5.66,253.0
2023-04-27,Coimbatore,ALL,2300000,30.59,4.42,460.0
2023-04-27,Coimbatore,East,1035000,30.59,4.42,207.0
2023-04-27,Coimbatore,West,1265000,30.59,4.42,253.0
2023-04-28,Coimbatore,ALL,2300000,29.73,5.88,460.0
2023-04-28,Coimbatore,East,1035000,29.73,5.88,207.0
2023-04-28,Coimbatore,West,1265000,29.73,5.88,253.0
2023-04-29,Coimbatore,ALL,2300000,27.97,6.6,437.0
2023-04-29,Coimbatore,East,1035000,27.97,6.6,196.65
2023-04-29,Coimbatore,West,1265000,27.97,6.6,240.35
2023-04-30,Coimbatore,ALL,2300000,29.88,0.14,460.0
2023-04-30,Coimbatore,East,1035000,29.88,0.14,207.0
2023-04-30,Coimbatore,West,1265000,29.88,0.14,253.0
2023-05-01,Coimbatore,ALL,2300000,30.38,1.64,460.0
2023-05-01,Coimbatore,East,1035000,30.38,1.64,207.0
2023-05-01,Coimbatore,West,1265000,30.38,1.64,253.0
2023-05-02,Coimbatore,ALL,2300000,32.52,1.69,483.0
2023-05-02,Coimbatore,East,1035000,32.52,1.69,217.35
2023-05-02,Coimbatore,West,1265000,32.52,1.69,265.65
2023-05-03,Coimbatore,ALL,2300000,28.66,0.0,460.0
2023-05-03,Coimbatore,East,1035000,28.66,0.0,207.0
2023-05-03,Coimbatore,West,1265000,28.66,0.0,253.0
2023-05-04,Coimbatore,ALL,2300000,28.64,0.0,460.0
2023-05-04,Coimbatore,East,1035000,28.64,0.0,207.0
2023-05-04,Coimbatore,West,1265000,28.64,0.0,253.0
2023-05-05,Coimbatore,ALL,2300000,25.25,4.52,460.0
2023-05-05,Coimbatore,East,1035000,25.25,4.52,207.0
2023-05-05,Coimbatore,West,1265000,25.25,4.52,253.0
2023-05-06,Coimbatore,ALL,2300000,32.36,3.85,483.0
2023-05-06,Coimbatore,East,1035000,32.36,3.85,217.35
2023-05-06,Coimbatore,West,1265000,32.36,3.85,265.65
2023-05-07,Coimbatore,ALL,2300000,27.1,2.9,460.0
2023-05-07,Coimbatore,East,1035000,27.1,2.9,207.0
2023-05-07,Coimbatore,West,1265000,27.1,2.9,253.0
2023-05-08,Coimbatore,ALL,2300000,29.99,0.68,460.0
2023-05-08,Coimbatore,East,1035000,29.99,0.68,207.0
2023-05-08,Coimbatore,West,1265000,29.99,0.68,253.0
2023-05-09,Coimbatore,ALL,2300000,34.51,4.75,483.0
2023-05-09,Coimbatore,East,1035000,34.51,4.75,217.35
2023-05-09,Coimbatore,West,1265000,34.51,4.75,265.65
2023-05-10,Coimbatore,ALL,2300000,29.34,3.05,460.0
2023-05-10,Coimbatore,East,1035000,29.34,3.05,207.0
2023-05-10,Coimbatore,West,1265000,29.34,3.05,253.0
2023-05-11,Coimbatore,ALL,2300000,30.63,0.0,460.0
2023-05-11,Coimbatore,East,1035000,30.63,0.0,207.0
2023-05-11,Coimbatore,West,1265000,30.63,0.0,253.0
2023-05-12,Coimbatore,ALL,2300000,29.26,1.64,460.0
2023-05-12,Coimbatore,East,1035000,29.26,1.64,207.0
2023-05-12,Coimbatore,West,1265000,29.26,1.64,253.0
2023-05-13,Coimbatore,ALL,2300000,27.0,2.44,460.0
2023-05-13,Coimbatore,East,1035000,27.0,2.44,207.0
2023-05-13,Coimbatore,West,1265000,27.0,2.44,253.0
2023-05-14,Coimbatore,ALL,2300000,35.39,4.28,483.0
2023-05-14,Coimbatore,East,1035000,35.39,4.28,217.35
2023-05-14,Coimbatore,West,1265000,35.39,4.28,265.65
2023-05-15,Coimbatore,ALL,2300000,28.29,4.15,460.0
2023-05-15,Coimbatore,East,1035000,28.29,4.15,207.0
2023-05-15,Coimbatore,West,1265000,28.29,4.15,253.0
2023-05-16,Coimbatore,ALL,2300000,34.2,4.85,483.0
2023-05-16,Coimbatore,East,1035000,34.2,4.85,217.35
2023-05-16,Coimbatore,West,1265000,34.2,4.85,265.65
2023-05-17,Coimbatore,ALL,2300000,30.18,1.71,460.0
2023-05-17,Coimbatore,East,1035000,30.18,1.71,207.0
2023-05-17,Coimbatore,West,1265000,30.18,1.71,253.0
2023-05-18,Coimbatore,ALL,2300000,32.09,3.79,483.0
2023-05-18,Coimbatore,East,1035000,32.09,3.79,217.35
2023-05-18,Coimbatore,West,1265000,32.09,3.79,265.65
2023-05-19,Coimbatore,ALL,2300000,32.69,4.27,483.0
2023-05-19,Coimbatore,East,1035000,32.69,4.27,217.35
2023-05-19,Coimbatore,West,1265000,32.69,4.27,265.65
2023-05-20,Coimbatore,ALL,2300000,33.15,1.93,483.0
2023-05-20,Coimbatore,East,1035000,33.15,1.93,217.35
2023-05-20,Coimbatore,West,1265000,33.15,1.93,265.65
2023-05-21,Coimbatore,ALL,2300000,33.95,3.4,483.0
2023-05-21,Coimbatore,East,1035000,33.95,3.4,217.35
2023-05-21,Coimbatore,West,1265000,33.95,3.4,265.65
2023-05-22,Coimbatore,ALL,2300000,36.23,1.62,483.0
2023-05-22,Coimbatore,East,1035000,36.23,1.62,217.35
2023-05-22,Coimbatore,West,1265000,36.23,1.62,265.65
2023-05-23,Coimbatore,ALL,2300000,35.21,3.4,483.0
2023-05-23,Coimbatore,East,1035000,35.21,3.4,217.35
2023-05-23,Coimbatore,West,1265000,35.21,3.4,265.65
2023-05-24,Coimbatore,ALL,2300000,28.05,2.03,460.0
2023-05-24,Coimbatore,East,1035000,28.05,2.03,207.0
2023-05-24,Coimbatore,West,1265000,28.05,2.03,253.0
2023-05-25,Coimbatore,ALL,2300000,29.04,3.85,460.0
2023-05-25,Coimbatore,East,1035000,29.04,3.85,207.0
2023-05-25,Coimbatore,West,1265000,29.04,3.85,253.0
2023-05-26,Coimbatore,ALL,2300000,31.57,1.85,460.0
2023-05-26,Coimbatore,East,1035000,31.57,1.85,207.0
2023-05-26,Coimbatore,West,1265000,31.57,1.85,253.0
2023-05-27,Coimbatore,ALL,2300000,29.93,7.28,437.0
2023-05-27,Coimbatore,East,1035000,29.93,7.28,196.65
2023-05-27,Coimbatore,West,1265000,29.93,7.28,240.35
2023-05-28,Coimbatore,ALL,2300000,35.18,3.87,483.0
2023-05-28,Coimbatore,East,1035000,35.18,3.87,217.35
2023-05-28,Coimbatore,West,1265000,35.18,3.87,265.65
2023-05-29,Coimbatore,ALL,2300000,30.11,3.24,460.0
2023-05-29,Coimbatore,East,1035000,30.11,3.24,207.0
2023-05-29,Coimbatore,West,1265000,30.11,3.24,253.0
2023-05-30,Coimbatore,ALL,2300000,31.84,0.95,460.0
2023-05-30,Coimbatore,East,1035000,31.84,0.95,207.0
2023-05-30,Coimbatore,West,1265000,31.84,0.95,253.0
2023-05-31,Coimbatore,ALL,2300000,29.23,0.0,460.0
2023-05-31,Coimbatore,East,1035000,29.23,0.0,207.0
2023-05-31,Coimbatore,West,1265000,29.23,0.0,253.0
2023-06-01,Coimbatore,ALL,2300000,31.2,4.29,460.0
2023-06-01,Coimbatore,East,1035000,31.2,4.29,207.0
2023-06-01,Coimbatore,West,1265000,31.2,4.29,253.0
2023-06-02,Coimbatore,ALL,2300000,28.55,6.15,437.0
2023-06-02,Coimbatore,East,1035000,28.55,6.15,196.65
2023-06-02,Coimbatore,West,1265000,28.55,6.15,240.35
2023-06-03,Coimbatore,ALL,2300000,26.32,0.07,460.0
2023-06-03,Coimbatore,East,1035000,26.32,0.07,207.0
2023-06-03,Coimbatore,West,1265000,26.32,0.07,253.0
2023-06-04,Coimbatore,ALL,2300000,30.67,5.09,460.0
2023-06-04,Coimbatore,East,1035000,30.67,5.09,207.0
2023-06-04,Coimbatore,West,1265000,30.67,5.09,253.0
2023-06-05,Coimbatore,ALL,2300000,35.05,2.08,483.0
2023-06-05,Coimbatore,East,1035000,35.05,2.08,217.35
2023-06-05,Coimbatore,West,1265000,35.05,2.08,265.65
2023-06-06,Coimbatore,ALL,2300000,33.24,2.92,483.0
2023-06-06,Coimbatore,East,1035000,33.24,2.92,217.35
2023-06-06,Coimbatore,West,1265000,33.24,2.92,265.65
2023-06-07,Coimbatore,ALL,2300000,29.48,4.77,460.0
2023-06-07,Coimbatore,East,1035000,29.48,4.77,207.0
2023-06-07,Coimbatore,West,1265000,29.48,4.77,253.0
2023-06-08,Coimbatore,ALL,2300000,31.96,0.0,460.0
2023-06-08,Coimbatore,East,1035000,31.96,0.0,207.0
2023-06-08,Coimbatore,West,1265000,31.96,0.0,253.0
2023-06-09,Coimbatore,ALL,2300000,34.43,5.76,483.0
2023-06-09,Coimbatore,East,1035000,34.43,5.76,217.35
2023-06-09,Coimbatore,West,1265000,34.43,5.76,265.65
2023-06-10,Coimbatore,ALL,2300000,28.12,3.79,460.0
2023-06-10,Coimbatore,East,1035000,28.12,3.79,207.0
2023-06-10,Coimbatore,West,1265000,28.12,3.79,253.0
2023-06-11,Coimbatore,ALL,2300000,31.48,3.52,460.0
2023-06-11,Coimbatore,East,1035000,31.48,3.52,207.0
2023-06-11,Coimbatore,West,1265000,31.48,3.52,253.0
2023-06-12,Coimbatore,ALL,2300000,28.35,1.66,460.0
2023-06-12,Coimbatore,East,1035000,28.35,1.66,207.0
2023-06-12,Coimbatore,West,1265000,28.35,1.66,253.0
2023-06-13,Coimbatore,ALL,2300000,29.92,5.35,460.0
2023-06-13,Coimbatore,East,1035000,29.92,5.35,207.0
2023-06-13,Coimbatore,West,1265000,29.92,5.35,253.0
2023-06-14,Coimbatore,ALL,2300000,31.63,2.26,460.0
2023-06-14,Coimbatore,East,1035000,31.63,2.26,207.0
2023-06-14,Coimbatore,West,1265000,31.63,2.26,253.0
2023-06-15,Coimbatore,ALL,2300000,32.32,0.0,483.0
2023-06-15,Coimbatore,East,1035000,32.32,0.0,217.35
2023-06-15,Coimbatore,West,1265000,32.32,0.0,265.65
2023-06-16,Coimbatore,ALL,2300000,33.45,0.0,483.0
2023-06-16,Coimbatore,East,1035000,33.45,0.0,217.35
2023-06-16,Coimbatore,West,1265000,33.45,0.0,265.65
2023-06-17,Coimbatore,ALL,2300000,28.91,0.76,460.0
2023-06-17,Coimbatore,East,1035000,28.91,0.76,207.0
2023-06-17,Coimbatore,West,1265000,28.91,0.76,253.0
2023-06-18,Coimbatore,ALL,2300000,26.12,5.32,460.0
2023-06-18,Coimbatore,East,1035000,26.12,5.32,207.0
2023-06-18,Coimbatore,West,1265000,26.12,5.32,253.0
2023-06-19,Coimbatore,ALL,2300000,28.6,3.69,460.0
2023-06-19,Coimbatore,East,1035000,28.6,3.69,207.0
2023-06-19,Coimbatore,West,1265000,28.6,3.69,253.0
2023-06-20,Coimbatore,ALL,2300000,29.86,3.95,460.0
2023-06-20,Coimbatore,East,1035000,29.86,3.95,207.0
2023-06-20,Coimbatore,West,1265000,29.86,3.95,253.0
2023-06-21,Coimbatore,ALL,2300000,30.23,0.43,460.0
2023-06-21,Coimbatore,East,1035000,30.23,0.43,207.0
2023-06-21,Coimbatore,West,1265000,30.23,0.43,253.0
2023-06-22,Coimbatore,ALL,2300000,32.99,2.01,483.0
2023-06-22,Coimbatore,East,1035000,32.99,2.01,217.35
2023-06-22,Coimbatore,West,1265000,32.99,2.01,265.65
2023-06-23,Coimbatore,ALL,2300000,25.33,2.14,460.0
2023-06-23,Coimbatore,East,1035000,25.33,2.14,207.0
2023-06-23,Coimbatore,West,1265000,25.33,2.14,253.0
2023-06-24,Coimbatore,ALL,2300000,34.5,4.7,483.0
2023-06-24,Coimbatore,East,1035000,34.5,4.7,217.35
2023-06-24,Coimbatore,West,1265000,34.5,4.7,265.65
2023-06-25,Coimbatore,ALL,2300000,28.95,2.3,460.0
2023-06-25,Coimbatore,East,1035000,28.95,2.3,207.0
2023-06-25,Coimbatore,West,1265000,28.95,2.3,253.0
2023-06-26,Coimbatore,ALL,2300000,29.04,7.15,437.0
2023-06-26,Coimbatore,East,1035000,29.04,7.15,196.65
2023-06-26,Coimbatore,West,1265000,29.04,7.15,240.35
2023-06-27,Coimbatore,ALL,2300000,31.15,3.86,460.0
2023-06-27,Coimbatore,East,1035000,31.15,3.86,207.0
2023-06-27,Coimbatore,West,1265000,31.15,3.86,253.0
2023-06-28,Coimbatore,ALL,2300000,33.09,3.48,483.0
2023-06-28,Coimbatore,East,1035000,33.09,3.48,217.35
2023-06-28,Coimbatore,West,1265000,33.09,3.48,265.65
2023-06-29,Coimbatore,ALL,2300000,29.22,2.61,460.0
2023-06-29,Coimbatore,East,1035000,29.22,2.61,207.0
2023-06-29,Coimbatore,West,1265000,29.22,2.61,253.0
2023-06-30,Coimbatore,ALL,2300000,29.79,2.93,460.0
2023-06-30,Coimbatore,East,1035000,29.79,2.93,207.0
2023-06-30,Coimbatore,West,1265000,29.79,2.93,253.0
2023-07-01,Coimbatore,ALL,2300000,32.18,3.1,483.0
2023-07-01,Coimbatore,East,1035000,32.18,3.1,217.35
2023-07-01,Coimbatore,West,1265000,32.18,3.1,265.65
2023-07-02,Coimbatore,ALL,2300000,32.2,2.84,483.0
2023-07-02,Coimbatore,East,1035000,32.2,2.84,217.35
2023-07-02,Coimbatore,West,1265000,32.2,2.84,265.65
2023-07-03,Coimbatore,ALL,2300000,30.24,0.0,460.0
2023-07-03,Coimbatore,East,1035000,30.24,0.0,207.0
2023-07-03,Coimbatore,West,1265000,30.24,0.0,253.0
2023-07-04,Coimbatore,ALL,2300000,32.75,3.69,483.0
2023-07-04,Coimbatore,East,1035000,32.75,3.69,217.35
2023-07-04,Coimbatore,West,1265000,32.75,3.69,265.65
2023-07-05,Coimbatore,ALL,2300000,32.99,0.0,483.0
2023-07-05,Coimbatore,East,1035000,32.99,0.0,217.35
2023-07-05,Coimbatore,West,1265000,32.99,0.0,265.65
2023-07-06,Coimbatore,ALL,2300000,36.27,2.72,483.0
2023-07-06,Coimbatore,East,1035000,36.27,2.72,217.35
2023-07-06,Coimbatore,West,1265000,36.27,2.72,265.65
2023-07-07,Coimbatore,ALL,2300000,33.32,0.92,483.0
2023-07-07,Coimbatore,East,1035000,33.32,0.92,217.35
2023-07-07,Coimbatore,West,1265000,33.32,0.92,265.65
2023-07-08,Coimbatore,ALL,2300000,31.84,0.89,460.0
2023-07-08,Coimbatore,East,1035000,31.84,0.89,207.0
2023-07-08,Coimbatore,West,1265000,31.84,0.89,253.0
2023-07-09,Coimbatore,ALL,2300000,28.13,6.83,437.0
2023-07-09,Coimbatore,East,1035000,28.13,6.83,196.65
2023-07-09,Coimbatore,West,1265000,28.13,6.83,240.35
2023-07-10,Coimbatore,ALL,2300000,29.43,3.43,460.0
2023-07-10,Coimbatore,East,1035000,29.43,3.43,207.0
2023-07-10,Coimbatore,West,1265000,29.43,3.43,253.0
2023-07-11,Coimbatore,ALL,2300000,32.61,3.99,483.0
2023-07-11,Coimbatore,East,1035000,32.61,3.99,217.35
2023-07-11,Coimbatore,West,1265000,32.61,3.99,265.65
2023-07-12,Coimbatore,ALL,2300000,30.45,3.73,460.0
2023-07-12,Coimbatore,East,1035000,30.45,3.73,207.0
2023-07-12,Coimbatore,West,1265000,30.45,3.73,253.0
2023-07-13,Coimbatore,ALL,2300000,37.21,2.88,483.0
2023-07-13,Coimbatore,East,1035000,37.21,2.88,217.35
2023-07-13,Coimbatore,West,1265000,37.21,2.88,265.65
2023-07-14,Coimbatore,ALL,2300000,30.6,5.1,460.0
2023-07-14,Coimbatore,East,1035000,30.6,5.1,207.0
2023-07-14,Coimbatore,West,1265000,30.6,5.1,253.0
2023-07-15,Coimbatore,ALL,2300000,33.32,5.37,483.0
2023-07-15,Coimbatore,East,1035000,33.32,5.37,217.35
2023-07-15,Coimbatore,West,1265000,33.32,5.37,265.65
2023-07-16,Coimbatore,ALL,2300000,31.92,0.71,460.0
2023-07-16,Coimbatore,East,1035000,31.92,0.71,207.0
2023-07-16,Coimbatore,West,1265000,31.92,0.71,253.0
2023-07-17,Coimbatore,ALL,2300000,34.9,0.71,483.0
2023-07-17,Coimbatore,East,1035000,34.9,0.71,217.35
2023-07-17,Coimbatore,West,1265000,34.9,0.71,265.65
2023-07-18,Coimbatore,ALL,2300000,30.91,1.49,460.0
2023-07-18,Coimbatore,East,1035000,30.91,1.49,207.0
2023-07-18,Coimbatore,West,1265000,30.91,1.49,253.0
2023-07-19,Coimbatore,ALL,2300000,29.81,3.66,460.0
2023-07-19,Coimbatore,East,1035000,29.81,3.66,207.0
2023-07-19,Coimbatore,West,1265000,29.81,3.66,253.0
2023-07-20,Coimbatore,ALL,2300000,30.96,3.84,460.0
2023-07-20,Coimbatore,East,1035000,30.96,3.84,207.0
2023-07-20,Coimbatore,West,1265000,30.96,3.84,253.0
2023-07-21,Coimbatore,ALL,2300000,34.84,3.91,483.0
2023-07-21,Coimbatore,East,1035000,34.84,3.91,217.35
2023-07-21,Coimbatore,West,1265000,34.84,3.91,265.65
2023-07-22,Coimbatore,ALL,2300000,29.27,4.93,460.0
2023-07-22,Coimbatore,East,1035000,29.27,4.93,207.0
2023-07-22,Coimbatore,West,1265000,29.27,4.93,253.0
2023-07-23,Coimbatore,ALL,2300000,33.57,0.54,483.0
2023-07-23,Coimbatore,East,1035000,33.57,0.54,217.35
2023-07-23,Coimbatore,West,1265000,33.57,0.54,265.65
2023-07-24,Coimbatore,ALL,2300000,31.79,4.4,460.0
2023-07-24,Coimbatore,East,1035000,31.79,4.4,207.0
2023-07-24,Coimbatore,West,1265000,31.79,4.4,253.0
2023-07-25,Coimbatore,ALL,2300000,29.11,5.75,460.0
2023-07-25,Coimbatore,East,1035000,29.11,5.75,207.0
2023-07-25,Coimbatore,West,1265000,29.11,5.75,253.0
2023-07-26,Coimbatore,ALL,2300000,29.55,3.25,460.0
2023-07-26,Coimbatore,East,1035000,29.55,3.25,207.0
2023-07-26,Coimbatore,West,1265000,29.55,3.25,253.0
2023-07-27,Coimbatore,ALL,2300000,29.48,3.03,460.0
2023-07-27,Coimbatore,East,1035000,29.48,3.03,207.0
2023-07-27,Coimbatore,West,1265000,29.48,3.03,253.0
2023-07-28,Coimbatore,ALL,2300000,26.71,0.12,460.0
2023-07-28,Coimbatore,East,1035000,26.71,0.12,207.0
2023-07-28,Coimbatore,West,1265000,26.71,0.12,253.0
2023-07-29,Coimbatore,ALL,2300000,34.78,1.31,483.0
2023-07-29,Coimbatore,East,1035000,34.78,1.31,217.35
2023-07-29,Coimbatore,West,1265000,34.78,1.31,265.65
2023-07-30,Coimbatore,ALL,2300000,27.03,0.0,460.0
2023-07-30,Coimbatore,East,1035000,27.03,0.0,207.0
2023-07-30,Coimbatore,West,1265000,27.03,0.0,253.0
2023-07-31,Coimbatore,ALL,2300000,28.08,0.35,460.0
2023-07-31,Coimbatore,East,1035000,28.08,0.35,207.0
2023-07-31,Coimbatore,West,1265000,28.08,0.35,253.0
2023-08-01,Coimbatore,ALL,2300000,34.93,5.02,483.0
2023-08-01,Coimbatore,East,1035000,34.93,5.02,217.35
2023-08-01,Coimbatore,West,1265000,34.93,5.02,265.65
2023-08-02,Coimbatore,ALL,2300000,27.94,7.5,437.0
2023-08-02,Coimbatore,East,1035000,27.94,7.5,196.65
2023-08-02,Coimbatore,West,1265000,27.94,7.5,240.35
2023-08-03,Coimbatore,ALL,2300000,32.95,2.35,483.0
2023-08-03,Coimbatore,East,1035000,32.95,2.35,217.35
2023-08-03,Coimbatore,West,1265000,32.95,2.35,265.65
2023-08-04,Coimbatore,ALL,2300000,22.5,7.58,437.0
2023-08-04,Coimbatore,East,1035000,22.5,7.58,196.65
2023-08-04,Coimbatore,West,1265000,22.5,7.58,240.35
2023-08-05,Coimbatore,ALL,2300000,25.83,0.0,460.0
2023-08-05,Coimbatore,East,1035000,25.83,0.0,207.0
2023-08-05,Coimbatore,West,1265000,25.83,0.0,253.0
2023-08-06,Coimbatore,ALL,2300000,33.07,7.88,483.0
2023-08-06,Coimbatore,East,1035000,33.07,7.88,217.35
2023-08-06,Coimbatore,West,1265000,33.07,7.88,265.65
2023-08-07,Coimbatore,ALL,2300000,34.15,4.13,483.0
2023-08-07,Coimbatore,East,1035000,34.15,4.13,217.35
2023-08-07,Coimbatore,West,1265000,34.15,4.13,265.65
2023-08-08,Coimbatore,ALL,2300000,31.78,4.71,460.0
2023-08-08,Coimbatore,East,1035000,31.78,4.71,207.0
2023-08-08,Coimbatore,West,1265000,31.78,4.71,253.0
2023-08-09,Coimbatore,ALL,2300000,32.28,3.56,483.0
2023-08-09,Coimbatore,East,1035000,32.28,3.56,217.35
2023-08-09,Coimbatore,West,1265000,32.28,3.56,265.65
2023-08-10,Coimbatore,ALL,2300000,30.31,2.87,460.0
2023-08-10,Coimbatore,East,1035000,30.31,2.87,207.0
2023-08-10,Coimbatore,West,1265000,30.31,2.87,253.0
2023-08-11,Coimbatore,ALL,2300000,27.74,2.44,460.0
2023-08-11,Coimbatore,East,1035000,27.74,2.44,207.0
2023-08-11,Coimbatore,West,1265000,27.74,2.44,253.0
2023-08-12,Coimbatore,ALL,2300000,24.92,2.8,460.0
2023-08-12,Coimbatore,East,1035000,24.92,2.8,207.0
2023-08-12,Coimbatore,West,1265000,24.92,2.8,253.0
2023-08-13,Coimbatore,ALL,2300000,27.03,0.79,460.0
2023-08-13,Coimbatore,East,1035000,27.03,0.79,207.0
2023-08-13,Coimbatore,West,1265000,27.03,0.79,253.0
2023-08-14,Coimbatore,ALL,2300000,30.54,5.78,460.0
2023-08-14,Coimbatore,East,1035000,30.54,5.78,207.0
2023-08-14,Coimbatore,West,1265000,30.54,5.78,253.0
2023-08-15,Coimbatore,ALL,2300000,32.75,0.0,483.0
2023-08-15,Coimbatore,East,1035000,32.75,0.0,217.35
2023-08-15,Coimbatore,West,1265000,32.75,0.0,265.65
2023-08-16,Coimbatore,ALL,2300000,27.03,4.88,460.0
2023-08-16,Coimbatore,East,1035000,27.03,4.88,207.0
2023-08-16,Coimbatore,West,1265000,27.03,4.88,253.0
2023-08-17,Coimbatore,ALL,2300000,27.05,2.55,460.0
2023-08-17,Coimbatore,East,1035000,27.05,2.55,207.0
2023-08-17,Coimbatore,West,1265000,27.05,2.55,253.0
2023-08-18,Coimbatore,ALL,2300000,31.65,1.06,460.0
2023-08-18,Coimbatore,East,1035000,31.65,1.06,207.0
2023-08-18,Coimbatore,West,1265000,31.65,1.06,253.0
2023-08-19,Coimbatore,ALL,2300000,30.32,0.33,460.0
2023-08-19,Coimbatore,East,1035000,30.32,0.33,207.0
2023-08-19,Coimbatore,West,1265000,30.32,0.33,253.0
2023-08-20,Coimbatore,ALL,2300000,28.2,3.64,460.0
2023-08-20,Coimbatore,East,1035000,28.2,3.64,207.0
2023-08-20,Coimbatore,West,1265000,28.2,3.64,253.0
2023-08-21,Coimbatore,ALL,2300000,25.22,3.88,460.0
2023-08-21,Coimbatore,East,1035000,25.22,3.88,207.0
2023-08-21,Coimbatore,West,1265000,25.22,3.88,253.0
2023-08-22,Coimbatore,ALL,2300000,29.94,4.1,460.0
2023-08-22,Coimbatore,East,1035000,29.94,4.1,207.0
2023-08-22,Coimbatore,West,1265000,29.94,4.1,253.0
2023-08-23,Coimbatore,ALL,2300000,30.67,5.73,460.0
2023-08-23,Coimbatore,East,1035000,30.67,5.73,207.0
2023-08-23,Coimbatore,West,1265000,30.67,5.73,253.0
2023-08-24,Coimbatore,ALL,2300000,30.38,2.14,460.0
2023-08-24,Coimbatore,East,1035000,30.38,2.14,207.0
2023-08-24,Coimbatore,West,1265000,30.38,2.14,253.0
2023-08-25,Coimbatore,ALL,2300000,30.37,4.09,460.0
2023-08-25,Coimbatore,East,1035000,30.37,4.09,207.0
2023-08-25,Coimbatore,West,1265000,30.37,4.09,253.0
2023-08-26,Coimbatore,ALL,2300000,30.15,3.08,460.0
2023-08-26,Coimbatore,East,1035000,30.15,3.08,207.0
2023-08-26,Coimbatore,West,1265000,30.15,3.08,253.0
2023-08-27,Coimbatore,ALL,2300000,27.89,1.67,460.0
2023-08-27,Coimbatore,East,1035000,27.89,1.67,207.0
2023-08-27,Coimbatore,West,1265000,27.89,1.67,253.0
2023-08-28,Coimbatore,ALL,2300000,25.79,6.5,437.0
2023-08-28,Coimbatore,East,1035000,25.79,6.5,196.65
2023-08-28,Coimbatore,West,1265000,25.79,6.5,240.35
2023-08-29,Coimbatore,ALL,2300000,26.27,1.61,460.0
2023-08-29,Coimbatore,East,1035000,26.27,1.61,207.0
2023-08-29,Coimbatore,West,1265000,26.27,1.61,253.0
2023-08-30,Coimbatore,ALL,2300000,27.84,4.79,460.0
2023-08-30,Coimbatore,East,1035000,27.84,4.79,207.0
2023-08-30,Coimbatore,West,1265000,27.84,4.79,253.0
2023-08-31,Coimbatore,ALL,2300000,29.12,5.5,460.0
2023-08-31,Coimbatore,East,1035000,29.12,5.5,207.0
2023-08-31,Coimbatore,West,1265000,29.12,5.5,253.0
2023-09-01,Coimbatore,ALL,2300000,27.98,3.56,460.0
2023-09-01,Coimbatore,East,1035000,27.98,3.56,207.0
2023-09-01,Coimbatore,West,1265000,27.98,3.56,253.0
2023-09-02,Coimbatore,ALL,2300000,27.49,7.29,437.0
2023-09-02,Coimbatore,East,1035000,27.49,7.29,196.65
2023-09-02,Coimbatore,West,1265000,27.49,7.29,240.35
2023-09-03,Coimbatore,ALL,2300000,26.44,3.62,460.0
2023-09-03,Coimbatore,East,1035000,26.44,3.62,207.0
2023-09-03,Coimbatore,West,1265000,26.44,3.62,253.0
2023-09-04,Coimbatore,ALL,2300000,31.9,3.83,460.0
2023-09-04,Coimbatore,East,1035000,31.9,3.83,207.0
2023-09-04,Coimbatore,West,1265000,31.9,3.83,253.0
2023-09-05,Coimbatore,ALL,2300000,29.44,2.74,460.0
2023-09-05,Coimbatore,East,1035000,29.44,2.74,207.0
2023-09-05,Coimbatore,West,1265000,29.44,2.74,253.0
2023-09-06,Coimbatore,ALL,2300000,30.13,2.71,460.0
2023-09-06,Coimbatore,East,1035000,30.13,2.71,207.0
2023-09-06,Coimbatore,West,1265000,30.13,2.71,253.0
2023-09-07,Coimbatore,ALL,2300000,32.89,7.42,483.0
2023-09-07,Coimbatore,East,1035000,32.89,7.42,217.35
2023-09-07,Coimbatore,West,1265000,32.89,7.42,265.65
2023-09-08,Coimbatore,ALL,2300000,28.33,0.26,460.0
2023-09-08,Coimbatore,East,1035000,28.33,0.26,207.0
2023-09-08,Coimbatore,West,1265000,28.33,0.26,253.0
2023-09-09,Coimbatore,ALL,2300000,29.74,8.16,437.0
2023-09-09,Coimbatore,East,1035000,29.74,8.16,196.65
2023-09-09,Coimbatore,West,1265000,29.74,8.16,240.35
2023-09-10,Coimbatore,ALL,2300000,27.59,6.28,437.0
2023-09-10,Coimbatore,East,1035000,27.59,6.28,196.65
2023-09-10,Coimbatore,West,1265000,27.59,6.28,240.35
2023-09-11,Coimbatore,ALL,2300000,35.03,1.89,483.0
2023-09-11,Coimbatore,East,1035000,35.03,1.89,217.35
2023-09-11,Coimbatore,West,1265000,35.03,1.89,265.65
2023-09-12,Coimbatore,ALL,2300000,31.71,6.26,437.0
2023-09-12,Coimbatore,East,1035000,31.71,6.26,196.65
2023-09-12,Coimbatore,West,1265000,31.71,6.26,240.35
2023-09-13,Coimbatore,ALL,2300000,28.86,2.59,460.0
2023-09-13,Coimbatore,East,1035000,28.86,2.59,207.0
2023-09-13,Coimbatore,West,1265000,28.86,2.59,253.0
2023-09-14,Coimbatore,ALL,2300000,28.25,0.97,460.0
2023-09-14,Coimbatore,East,1035000,28.25,0.97,207.0
2023-09-14,Coimbatore,West,1265000,28.25,0.97,253.0
2023-09-15,Coimbatore,ALL,2300000,28.05,0.55,460.0
2023-09-15,Coimbatore,East,1035000,28.05,0.55,207.0
2023-09-15,Coimbatore,West,1265000,28.05,0.55,253.0
2023-09-16,Coimbatore,ALL,2300000,30.1,1.46,460.0
2023-09-16,Coimbatore,East,1035000,30.1,1.46,207.0
2023-09-16,Coimbatore,West,1265000,30.1,1.46,253.0
2023-09-17,Coimbatore,ALL,2300000,30.7,0.0,460.0
2023-09-17,Coimbatore,East,1035000,30.7,0.0,207.0
2023-09-17,Coimbatore,West,1265000,30.7,0.0,253.0
2023-09-18,Coimbatore,ALL,2300000,30.99,4.67,460.0
2023-09-18,Coimbatore,East,1035000,30.99,4.67,207.0
2023-09-18,Coimbatore,West,1265000,30.99,4.67,253.0
2023-09-19,Coimbatore,ALL,2300000,24.02,3.75,460.0
2023-09-19,Coimbatore,East,1035000,24.02,3.75,207.0
2023-09-19,Coimbatore,West,1265000,24.02,3.75,253.0
2023-09-20,Coimbatore,ALL,2300000,33.68,0.58,483.0
2023-09-20,Coimbatore,East,1035000,33.68,0.58,217.35
2023-09-20,Coimbatore,West,1265000,33.68,0.58,265.65
2023-09-21,Coimbatore,ALL,2300000,35.02,3.84,483.0
2023-09-21,Coimbatore,East,1035000,35.02,3.84,217.35
2023-09-21,Coimbatore,West,1265000,35.02,3.84,265.65
2023-09-22,Coimbatore,ALL,2300000,27.88,2.89,460.0
2023-09-22,Coimbatore,East,1035000,27.88,2.89,207.0
2023-09-22,Coimbatore,West,1265000,27.88,2.89,253.0
2023-09-23,Coimbatore,ALL,2300000,31.67,3.15,460.0
2023-09-23,Coimbatore,East,1035000,31.67,3.15,207.0
2023-09-23,Coimbatore,West,1265000,31.67,3.15,253.0
2023-09-24,Coimbatore,ALL,2300000,31.62,1.16,460.0
2023-09-24,Coimbatore,East,1035000,31.62,1.16,207.0
2023-09-24,Coimbatore,West,1265000,31.62,1.16,253.0
2023-09-25,Coimbatore,ALL,2300000,30.51,0.17,460.0
2023-09-25,Coimbatore,East,1035000,30.51,0.17,207.0
2023-09-25,Coimbatore,West,1265000,30.51,0.17,253.0
2023-09-26,Coimbatore,ALL,2300000,29.67,1.19,460.0
2023-09-26,Coimbatore,East,1035000,29.67,1.19,207.0
2023-09-26,Coimbatore,West,1265000,29.67,1.19,253.0
2023-09-27,Coimbatore,ALL,2300000,27.79,5.47,460.0
2023-09-27,Coimbatore,East,1035000,27.79,5.47,207.0
2023-09-27,Coimbatore,West,1265000,27.79,5.47,253.0
2023-09-28,Coimbatore,ALL,2300000,33.27,4.22,483.0
2023-09-28,Coimbatore,East,1035000,33.27,4.22,217.35
2023-09-28,Coimbatore,West,1265000,33.27,4.22,265.65
2023-09-29,Coimbatore,ALL,2300000,26.72,2.37,460.0
2023-09-29,Coimbatore,East,1035000,26.72,2.37,207.0
2023-09-29,Coimbatore,West,1265000,26.72,2.37,253.0
2023-09-30,Coimbatore,ALL,2300000,33.64,3.28,483.0
2023-09-30,Coimbatore,East,1035000,33.64,3.28,217.35
2023-09-30,Coimbatore,West,1265000,33.64,3.28,265.65
2023-10-01,Coimbatore,ALL,2300000,36.96,3.79,483.0
2023-10-01,Coimbatore,East,1035000,36.96,3.79,217.35
2023-10-01,Coimbatore,West,1265000,36.96,3.79,265.65
2023-10-02,Coimbatore,ALL,2300000,30.58,2.38,460.0
2023-10-02,Coimbatore,East,1035000,30.58,2.38,207.0
2023-10-02,Coimbatore,West,1265000,30.58,2.38,253.0
2023-10-03,Coimbatore,ALL,2300000,30.4,2.7,460.0
2023-10-03,Coimbatore,East,1035000,30.4,2.7,207.0
2023-10-03,Coimbatore,West,1265000,30.4,2.7,253.0
2023-10-04,Coimbatore,ALL,2300000,32.12,4.91,483.0
2023-10-04,Coimbatore,East,1035000,32.12,4.91,217.35
2023-10-04,Coimbatore,West,1265000,32.12,4.91,265.65
2023-10-05,Coimbatore,ALL,2300000,27.64,0.34,460.0
2023-10-05,Coimbatore,East,1035000,27.64,0.34,207.0
2023-10-05,Coimbatore,West,1265000,27.64,0.34,253.0
2023-10-06,Coimbatore,ALL,2300000,24.49,4.02,460.0
2023-10-06,Coimbatore,East,1035000,24.49,4.02,207.0
2023-10-06,Coimbatore,West,1265000,24.49,4.02,253.0
2023-10-07,Coimbatore,ALL,2300000,26.69,0.0,460.0
2023-10-07,Coimbatore,East,1035000,26.69,0.0,207.0
2023-10-07,Coimbatore,West,1265000,26.69,0.0,253.0
2023-10-08,Coimbatore,ALL,2300000,31.17,7.99,437.0
2023-10-08,Coimbatore,East,1035000,31.17,7.99,196.65
2023-10-08,Coimbatore,West,1265000,31.17,7.99,240.35
2023-10-09,Coimbatore,ALL,2300000,29.98,4.68,460.0
2023-10-09,Coimbatore,East,1035000,29.98,4.68,207.0
2023-10-09,Coimbatore,West,1265000,29.98,4.68,253.0
2023-10-10,Coimbatore,ALL,2300000,30.25,2.8,460.0
2023-10-10,Coimbatore,East,1035000,30.25,2.8,207.0
2023-10-10,Coimbatore,West,1265000,30.25,2.8,253.0
2023-10-11,Coimbatore,ALL,2300000,32.76,2.42,483.0
2023-10-11,Coimbatore,East,1035000,32.76,2.42,217.35
2023-10-11,Coimbatore,West,1265000,32.76,2.42,265.65
2023-10-12,Coimbatore,ALL,2300000,30.8,3.64,460.0
2023-10-12,Coimbatore,East,1035000,30.8,3.64,207.0
2023-10-12,Coimbatore,West,1265000,30.8,3.64,253.0
2023-10-13,Coimbatore,ALL,2300000,28.0,4.98,460.0
2023-10-13,Coimbatore,East,1035000,28.0,4.98,207.0
2023-10-13,Coimbatore,West,1265000,28.0,4.98,253.0
2023-10-14,Coimbatore,ALL,2300000,29.48,1.49,460.0
2023-10-14,Coimbatore,East,1035000,29.48,1.49,207.0
2023-10-14,Coimbatore,West,1265000,29.48,1.49,253.0
2023-10-15,Coimbatore,ALL,2300000,31.61,1.2,460.0
2023-10-15,Coimbatore,East,1035000,31.61,1.2,207.0
2023-10-15,Coimbatore,West,1265000,31.61,1.2,253.0
2023-10-16,Coimbatore,ALL,2300000,30.08,2.98,460.0
2023-10-16,Coimbatore,East,1035000,30.08,2.98,207.0
2023-10-16,Coimbatore,West,1265000,30.08,2.98,253.0
2023-10-17,Coimbatore,ALL,2300000,33.26,3.95,483.0
2023-10-17,Coimbatore,East,1035000,33.26,3.95,217.35
2023-10-17,Coimbatore,West,1265000,33.26,3.95,265.65
2023-10-18,Coimbatore,ALL,2300000,29.92,4.64,460.0
2023-10-18,Coimbatore,East,1035000,29.92,4.64,207.0
2023-10-18,Coimbatore,West,1265000,29.92,4.64,253.0
2023-10-19,Coimbatore,ALL,2300000,34.17,4.12,483.0
2023-10-19,Coimbatore,East,1035000,34.17,4.12,217.35
2023-10-19,Coimbatore,West,1265000,34.17,4.12,265.65
2023-10-20,Coimbatore,ALL,2300000,30.03,0.38,460.0
2023-10-20,Coimbatore,East,1035000,30.03,0.38,207.0
2023-10-20,Coimbatore,West,1265000,30.03,0.38,253.0
2023-10-21,Coimbatore,ALL,2300000,26.8,2.39,460.0
2023-10-21,Coimbatore,East,1035000,26.8,2.39,207.0
2023-10-21,Coimbatore,West,1265000,26.8,2.39,253.0
2023-10-22,Coimbatore,ALL,2300000,28.17,2.63,460.0
2023-10-22,Coimbatore,East,1035000,28.17,2.63,207.0
2023-10-22,Coimbatore,West,1265000,28.17,2.63,253.0
2023-10-23,Coimbatore,ALL,2300000,30.17,4.06,460.0
2023-10-23,Coimbatore,East,1035000,30.17,4.06,207.0
2023-10-23,Coimbatore,West,1265000,30.17,4.06,253.0
2023-10-24,Coimbatore,ALL,2300000,29.79,3.97,460.0
2023-10-24,Coimbatore,East,1035000,29.79,3.97,207.0
2023-10-24,Coimbatore,West,1265000,29.79,3.97,253.0
2023-10-25,Coimbatore,ALL,2300000,30.19,0.0,460.0
2023-10-25,Coimbatore,East,1035000,30.19,0.0,207.0
2023-10-25,Coimbatore,West,1265000,30.19,0.0,253.0
2023-10-26,Coimbatore,ALL,2300000,27.18,2.71,460.0
2023-10-26,Coimbatore,East,1035000,27.18,2.71,207.0
2023-10-26,Coimbatore,West,1265000,27.18,2.71,253.0
2023-10-27,Coimbatore,ALL,2300000,26.37,4.2,460.0
2023-10-27,Coimbatore,East,1035000,26.37,4.2,207.0
2023-10-27,Coimbatore,West,1265000,26.37,4.2,253.0
2023-10-28,Coimbatore,ALL,2300000,34.59,5.44,483.0
2023-10-28,Coimbatore,East,1035000,34.59,5.44,217.35
2023-10-28,Coimbatore,West,1265000,34.59,5.44,265.65
2023-10-29,Coimbatore,ALL,2300000,29.36,5.98,460.0
2023-10-29,Coimbatore,East,1035000,29.36,5.98,207.0
2023-10-29,Coimbatore,West,1265000,29.36,5.98,253.0
2023-10-30,Coimbatore,ALL,2300000,30.45,2.33,460.0
2023-10-30,Coimbatore,East,1035000,30.45,2.33,207.0
2023-10-30,Coimbatore,West,1265000,30.45,2.33,253.0
2023-10-31,Coimbatore,ALL,2300000,28.16,2.4,460.0
2023-10-31,Coimbatore,East,1035000,28.16,2.4,207.0
2023-10-31,Coimbatore,West,1265000,28.16,2.4,253.0
2023-11-01,Coimbatore,ALL,2300000,28.84,3.34,460.0
2023-11-01,Coimbatore,East,1035000,28.84,3.34,207.0
2023-11-01,Coimbatore,West,1265000,28.84,3.34,253.0
2023-11-02,Coimbatore,ALL,2300000,30.48,3.01,460.0
2023-11-02,Coimbatore,East,1035000,30.48,3.01,207.0
2023-11-02,Coimbatore,West,1265000,30.48,3.01,253.0
2023-11-03,Coimbatore,ALL,2300000,31.31,5.38,460.0
2023-11-03,Coimbatore,East,1035000,31.31,5.38,207.0
2023-11-03,Coimbatore,West,1265000,31.31,5.38,253.0
2023-11-04,Coimbatore,ALL,2300000,32.85,0.03,483.0
2023-11-04,Coimbatore,East,1035000,32.85,0.03,217.35
2023-11-04,Coimbatore,West,1265000,32.85,0.03,265.65
2023-11-05,Coimbatore,ALL,2300000,22.34,4.87,460.0
2023-11-05,Coimbatore,East,1035000,22.34,4.87,207.0
2023-11-05,Coimbatore,West,1265000,22.34,4.87,253.0
2023-11-06,Coimbatore,ALL,2300000,25.9,2.55,460.0
2023-11-06,Coimbatore,East,1035000,25.9,2.55,207.0
2023-11-06,Coimbatore,West,1265000,25.9,2.55,253.0
2023-11-07,Coimbatore,ALL,2300000,26.49,0.0,460.0
2023-11-07,Coimbatore,East,1035000,26.49,0.0,207.0
2023-11-07,Coimbatore,West,1265000,26.49,0.0,253.0
2023-11-08,Coimbatore,ALL,2300000,31.62,4.52,460.0
2023-11-08,Coimbatore,East,1035000,31.62,4.52,207.0
2023-11-08,Coimbatore,West,1265000,31.62,4.52,253.0
2023-11-09,Coimbatore,ALL,2300000,28.27,0.0,460.0
2023-11-09,Coimbatore,East,1035000,28.27,0.0,207.0
2023-11-09,Coimbatore,West,1265000,28.27,0.0,253.0
2023-11-10,Coimbatore,ALL,2300000,28.36,3.78,460.0
2023-11-10,Coimbatore,East,1035000,28.36,3.78,207.0
2023-11-10,Coimbatore,West,1265000,28.36,3.78,253.0
2023-11-11,Coimbatore,ALL,2300000,25.56,3.37,460.0
2023-11-11,Coimbatore,East,1035000,25.56,3.37,207.0
2023-11-11,Coimbatore,West,1265000,25.56,3.37,253.0
2023-11-12,Coimbatore,ALL,2300000,29.95,4.16,460.0
2023-11-12,Coimbatore,East,1035000,29.95,4.16,207.0
2023-11-12,Coimbatore,West,1265000,29.95,4.16,253.0
2023-11-13,Coimbatore,ALL,2300000,30.36,1.05,460.0
2023-11-13,Coimbatore,East,1035000,30.36,1.05,207.0
2023-11-13,Coimbatore,West,1265000,30.36,1.05,253.0
2023-11-14,Coimbatore,ALL,2300000,33.59,2.68,483.0
2023-11-14,Coimbatore,East,1035000,33.59,2.68,217.35
2023-11-14,Coimbatore,West,1265000,33.59,2.68,265.65
2023-11-15,Coimbatore,ALL,2300000,29.92,1.13,460.0
2023-11-15,Coimbatore,East,1035000,29.92,1.13,207.0
2023-11-15,Coimbatore,West,1265000,29.92,1.13,253.0
2023-11-16,Coimbatore,ALL,2300000,28.67,1.23,460.0
2023-11-16,Coimbatore,East,1035000,28.67,1.23,207.0
2023-11-16,Coimbatore,West,1265000,28.67,1.23,253.0
2023-11-17,Coimbatore,ALL,2300000,29.48,6.42,437.0
2023-11-17,Coimbatore,East,1035000,29.48,6.42,196.65
2023-11-17,Coimbatore,West,1265000,29.48,6.42,240.35
2023-11-18,Coimbatore,ALL,2300000,25.88,0.0,460.0
2023-11-18,Coimbatore,East,1035000,25.88,0.0,207.0
2023-11-18,Coimbatore,West,1265000,25.88,0.0,253.0
2023-11-19,Coimbatore,ALL,2300000,34.41,2.58,483.0
2023-11-19,Coimbatore,East,1035000,34.41,2.58,217.35
2023-11-19,Coimbatore,West,1265000,34.41,2.58,265.65
2023-11-20,Coimbatore,ALL,2300000,27.99,5.08,460.0
2023-11-20,Coimbatore,East,1035000,27.99,5.08,207.0
2023-11-20,Coimbatore,West,1265000,27.99,5.08,253.0
2023-11-21,Coimbatore,ALL,2300000,28.18,6.65,437.0
2023-11-21,Coimbatore,East,1035000,28.18,6.65,196.65
2023-11-21,Coimbatore,West,1265000,28.18,6.65,240.35
2023-11-22,Coimbatore,ALL,2300000,32.03,2.02,483.0
2023-11-22,Coimbatore,East,1035000,32.03,2.02,217.35
2023-11-22,Coimbatore,West,1265000,32.03,2.02,265.65
2023-11-23,Coimbatore,ALL,2300000,36.47,1.79,483.0
2023-11-23,Coimbatore,East,1035000,36.47,1.79,217.35
2023-11-23,Coimbatore,West,1265000,36.47,1.79,265.65
2023-11-24,Coimbatore,ALL,2300000,32.23,3.6,483.0
2023-11-24,Coimbatore,East,1035000,32.23,3.6,217.35
2023-11-24,Coimbatore,West,1265000,32.23,3.6,265.65
2023-11-25,Coimbatore,ALL,2300000,33.91,6.12,483.0
2023-11-25,Coimbatore,East,1035000,33.91,6.12,217.35
2023-11-25,Coimbatore,West,1265000,33.91,6.12,265.65
2023-11-26,Coimbatore,ALL,2300000,30.1,1.49,460.0
2023-11-26,Coimbatore,East,1035000,30.1,1.49,207.0
2023-11-26,Coimbatore,West,1265000,30.1,1.49,253.0
2023-11-27,Coimbatore,ALL,2300000,31.38,1.64,460.0
2023-11-27,Coimbatore,East,1035000,31.38,1.64,207.0
2023-11-27,Coimbatore,West,1265000,31.38,1.64,253.0
2023-11-28,Coimbatore,ALL,2300000,36.04,3.27,483.0
2023-11-28,Coimbatore,East,1035000,36.04,3.27,217.35
2023-11-28,Coimbatore,West,1265000,36.04,3.27,265.65
2023-11-29,Coimbatore,ALL,2300000,28.9,3.37,460.0
2023-11-29,Coimbatore,East,1035000,28.9,3.37,207.0
2023-11-29,Coimbatore,West,1265000,28.9,3.37,253.0
2023-11-30,Coimbatore,ALL,2300000,25.96,1.06,460.0
2023-11-30,Coimbatore,East,1035000,25.96,1.06,207.0
2023-11-30,Coimbatore,West,1265000,25.96,1.06,253.0
2023-12-01,Coimbatore,ALL,2300000,33.6,1.69,483.0
2023-12-01,Coimbatore,East,1035000,33.6,1.69,217.35
2023-12-01,Coimbatore,West,1265000,33.6,1.69,265.65
2023-12-02,Coimbatore,ALL,2300000,26.86,4.07,460.0
2023-12-02,Coimbatore,East,1035000,26.86,4.07,207.0
2023-12-02,Coimbatore,West,1265000,26.86,4.07,253.0
2023-12-03,Coimbatore,ALL,2300000,33.56,4.44,483.0
2023-12-03,Coimbatore,East,1035000,33.56,4.44,217.35
2023-12-03,Coimbatore,West,1265000,33.56,4.44,265.65
2023-12-04,Coimbatore,ALL,2300000,32.99,1.49,483.0
2023-12-04,Coimbatore,East,1035000,32.99,1.49,217.35
2023-12-04,Coimbatore,West,1265000,32.99,1.49,265.65
2023-12-05,Coimbatore,ALL,2300000,25.73,6.0,460.0
2023-12-05,Coimbatore,East,1035000,25.73,6.0,207.0
2023-12-05,Coimbatore,West,1265000,25.73,6.0,253.0
2023-12-06,Coimbatore,ALL,2300000,29.03,2.5,460.0
2023-12-06,Coimbatore,East,1035000,29.03,2.5,207.0
2023-12-06,Coimbatore,West,1265000,29.03,2.5,253.0
2023-12-07,Coimbatore,ALL,2300000,33.98,4.11,483.0
2023-12-07,Coimbatore,East,1035000,33.98,4.11,217.35
2023-12-07,Coimbatore,West,1265000,33.98,4.11,265.65
2023-12-08,Coimbatore,ALL,2300000,31.37,7.33,437.0
2023-12-08,Coimbatore,East,1035000,31.37,7.33,196.65
2023-12-08,Coimbatore,West,1265000,31.37,7.33,240.35
2023-12-09,Coimbatore,ALL,2300000,28.07,4.86,460.0
2023-12-09,Coimbatore,East,1035000,28.07,4.86,207.0
2023-12-09,Coimbatore,West,1265000,28.07,4.86,253.0
2023-12-10,Coimbatore,ALL,2300000,30.17,3.54,460.0
2023-12-10,Coimbatore,East,1035000,30.17,3.54,207.0
2023-12-10,Coimbatore,West,1265000,30.17,3.54,253.0
2023-12-11,Coimbatore,ALL,2300000,34.59,4.02,483.0
2023-12-11,Coimbatore,East,1035000,34.59,4.02,217.35
2023-12-11,Coimbatore,West,1265000,34.59,4.02,265.65
2023-12-12,Coimbatore,ALL,2300000,31.61,5.15,460.0
2023-12-12,Coimbatore,East,1035000,31.61,5.15,207.0
2023-12-12,Coimbatore,West,1265000,31.61,5.15,253.0
2023-12-13,Coimbatore,ALL,2300000,28.91,1.32,460.0
2023-12-13,Coimbatore,East,1035000,28.91,1.32,207.0
2023-12-13,Coimbatore,West,1265000,28.91,1.32,253.0
2023-12-14,Coimbatore,ALL,2300000,26.87,0.0,460.0
2023-12-14,Coimbatore,East,1035000,26.87,0.0,207.0
2023-12-14,Coimbatore,West,1265000,26.87,0.0,253.0
2023-12-15,Coimbatore,ALL,2300000,36.17,0.79,483.0
2023-12-15,Coimbatore,East,1035000,36.17,0.79,217.35
2023-12-15,Coimbatore,West,1265000,36.17,0.79,265.65
2023-12-16,Coimbatore,ALL,2300000,29.34,2.45,460.0
2023-12-16,Coimbatore,East,1035000,29.34,2.45,207.0
2023-12-16,Coimbatore,West,1265000,29.34,2.45,253.0
2023-12-17,Coimbatore,ALL,2300000,30.92,4.63,460.0
2023-12-17,Coimbatore,East,1035000,30.92,4.63,207.0
2023-12-17,Coimbatore,West,1265000,30.92,4.63,253.0
2023-12-18,Coimbatore,ALL,2300000,32.58,1.83,483.0
2023-12-18,Coimbatore,East,1035000,32.58,1.83,217.35
2023-12-18,Coimbatore,West,1265000,32.58,1.83,265.65
2023-12-19,Coimbatore,ALL,2300000,29.5,3.57,460.0
2023-12-19,Coimbatore,East,1035000,29.5,3.57,207.0
2023-12-19,Coimbatore,West,1265000,29.5,3.57,253.0
2023-12-20,Coimbatore,ALL,2300000,29.25,6.21,437.0
2023-12-20,Coimbatore,East,1035000,29.25,6.21,196.65
2023-12-20,Coimbatore,West,1265000,29.25,6.21,240.35
2023-12-21,Coimbatore,ALL,2300000,31.47,4.47,460.0
2023-12-21,Coimbatore,East,1035000,31.47,4.47,207.0
2023-12-21,Coimbatore,West,1265000,31.47,4.47,253.0
2023-12-22,Coimbatore,ALL,2300000,31.99,5.35,460.0
2023-12-22,Coimbatore,East,1035000,31.99,5.35,207.0
2023-12-22,Coimbatore,West,1265000,31.99,5.35,253.0
2023-12-23,Coimbatore,ALL,2300000,30.54,0.41,460.0
2023-12-23,Coimbatore,East,1035000,30.54,0.41,207.0
2023-12-23,Coimbatore,West,1265000,30.54,0.41,253.0
2023-12-24,Coimbatore,ALL,2300000,31.2,1.7,460.0
2023-12-24,Coimbatore,East,1035000,31.2,1.7,207.0
2023-12-24,Coimbatore,West,1265000,31.2,1.7,253.0
2023-12-25,Coimbatore,ALL,2300000,28.41,4.17,460.0
2023-12-25,Coimbatore,East,1035000,28.41,4.17,207.0
2023-12-25,Coimbatore,West,1265000,28.41,4.17,253.0
2023-12-26,Coimbatore,ALL,2300000,33.71,3.04,483.0
2023-12-26,Coimbatore,East,1035000,33.71,3.04,217.35
2023-12-26,Coimbatore,West,1265000,33.71,3.04,265.65
2023-12-27,Coimbatore,ALL,2300000,30.93,6.4,437.0
2023-12-27,Coimbatore,East,1035000,30.93,6.4,196.65
2023-12-27,Coimbatore,West,1265000,30.93,6.4,240.35
2023-12-28,Coimbatore,ALL,2300000,30.72,8.2,437.0
2023-12-28,Coimbatore,East,1035000,30.72,8.2,196.65
2023-12-28,Coimbatore,West,1265000,30.72,8.2,240.35
2023-12-29,Coimbatore,ALL,2300000,31.7,0.0,460.0
2023-12-29,Coimbatore,East,1035000,31.7,0.0,207.0
2023-12-29,Coimbatore,West,1265000,31.7,0.0,253.0
2023-12-30,Coimbatore,ALL,2300000,32.26,3.76,483.0
2023-12-30,Coimbatore,East,1035000,32.26,3.76,217.35
2023-12-30,Coimbatore,West,1265000,32.26,3.76,265.65
2023-12-31,Coimbatore,ALL,2300000,33.87,4.35,483.0
2023-12-31,Coimbatore,East,1035000,33.87,4.35,217.35
2023-12-31,Coimbatore,West,1265000,33.87,4.35,265.65
2023-01-01,Madurai,ALL,2100000,29.58,0.55,390.0
2023-01-01,Madurai,Urban,1260000,29.58,0.55,234.0
2023-01-01,Madurai,Suburban,840000,29.58,0.55,156.0
2023-01-02,Madurai,ALL,2100000,29.37,1.3,390.0
2023-01-02,Madurai,Urban,1260000,29.37,1.3,234.0
2023-01-02,Madurai,Suburban,840000,29.37,1.3,156.0
2023-01-03,Madurai,ALL,2100000,28.26,4.18,390.0
2023-01-03,Madurai,Urban,1260000,28.26,4.18,234.0
2023-01-03,Madurai,Suburban,840000,28.26,4.18,156.0
2023-01-04,Madurai,ALL,2100000,35.01,3.79,409.5
2023-01-04,Madurai,Urban,1260000,35.01,3.79,245.7
2023-01-04,Madurai,Suburban,840000,35.01,3.79,163.8
2023-01-05,Madurai,ALL,2100000,26.41,3.89,390.0
2023-01-05,Madurai,Urban,1260000,26.41,3.89,234.0
2023-01-05,Madurai,Suburban,840000,26.41,3.89,156.0
2023-01-06,Madurai,ALL,2100000,33.59,1.78,409.5
2023-01-06,Madurai,Urban,1260000,33.59,1.78,245.7
2023-01-06,Madurai,Suburban,840000,33.59,1.78,163.8
2023-01-07,Madurai,ALL,2100000,29.6,3.03,390.0
2023-01-07,Madurai,Urban,1260000,29.6,3.03,234.0
2023-01-07,Madurai,Suburban,840000,29.6,3.03,156.0
2023-01-08,Madurai,ALL,2100000,27.65,4.3,390.0
2023-01-08,Madurai,Urban,1260000,27.65,4.3,234.0
2023-01-08,Madurai,Suburban,840000,27.65,4.3,156.0
2023-01-09,Madurai,ALL,2100000,29.64,3.84,390.0
2023-01-09,Madurai,Urban,1260000,29.64,3.84,234.0
2023-01-09,Madurai,Suburban,840000,29.64,3.84,156.0
2023-01-10,Madurai,ALL,2100000,27.34,2.13,390.0
2023-01-10,Madurai,Urban,1260000,27.34,2.13,234.0
2023-01-10,Madurai,Suburban,840000,27.34,2.13,156.0
2023-01-11,Madurai,ALL,2100000,32.17,2.25,409.5
2023-01-11,Madurai,Urban,1260000,32.17,2.25,245.7
2023-01-11,Madurai,Suburban,840000,32.17,2.25,163.8
2023-01-12,Madurai,ALL,2100000,35.18,2.2,409.5
2023-01-12,Madurai,Urban,1260000,35.18,2.2,245.7
2023-01-12,Madurai,Suburban,840000,35.18,2.2,163.8
2023-01-13,Madurai,ALL,2100000,30.67,4.87,390.0
2023-01-13,Madurai,Urban,1260000,30.67,4.87,234.0
2023-01-13,Madurai,Suburban,840000,30.67,4.87,156.0
2023-01-14,Madurai,ALL,2100000,25.74,0.0,390.0
2023-01-14,Madurai,Urban,1260000,25.74,0.0,234.0
2023-01-14,Madurai,Suburban,840000,25.74,0.0,156.0
2023-01-15,Madurai,ALL,2100000,25.42,5.53,390.0
2023-01-15,Madurai,Urban,1260000,25.42,5.53,234.0
2023-01-15,Madurai,Suburban,840000,25.42,5.53,156.0
2023-01-16,Madurai,ALL,2100000,28.34,8.12,370.5
2023-01-16,Madurai,Urban,1260000,28.34,8.12,222.3
2023-01-16,Madurai,Suburban,840000,28.34,8.12,148.2
2023-01-17,Madurai,ALL,2100000,28.31,3.37,390.0
2023-01-17,Madurai,Urban,1260000,28.31,3.37,234.0
2023-01-17,Madurai,Suburban,840000,28.31,3.37,156.0
2023-01-18,Madurai,ALL,2100000,34.63,7.01,409.5
2023-01-18,Madurai,Urban,1260000,34.63,7.01,245.7
2023-01-18,Madurai,Suburban,840000,34.63,7.01,163.8
2023-01-19,Madurai,ALL,2100000,36.18,5.42,409.5
2023-01-19,Madurai,Urban,1260000,36.18,5.42,245.7
2023-01-19,Madurai,Suburban,840000,36.18,5.42,163.8
2023-01-20,Madurai,ALL,2100000,33.07,4.19,409.5
2023-01-20,Madurai,Urban,1260000,33.07,4.19,245.7
2023-01-20,Madurai,Suburban,840000,33.07,4.19,163.8
2023-01-21,Madurai,ALL,2100000,32.34,1.9,409.5
2023-01-21,Madurai,Urban,1260000,32.34,1.9,245.7
2023-01-21,Madurai,Suburban,840000,32.34,1.9,163.8
2023-01-22,Madurai,ALL,2100000,27.55,2.99,390.0
2023-01-22,Madurai,Urban,1260000,27.55,2.99,234.0
2023-01-22,Madurai,Suburban,840000,27.55,2.99,156.0
2023-01-23,Madurai,ALL,2100000,29.49,2.09,390.0
2023-01-23,Madurai,Urban,1260000,29.49,2.09,234.0
2023-01-23,Madurai,Suburban,840000,29.49,2.09,156.0
2023-01-24,Madurai,ALL,2100000,32.09,4.91,409.5
2023-01-24,Madurai,Urban,1260000,32.09,4.91,245.7
2023-01-24,Madurai,Suburban,840000,32.09,4.91,163.8
2023-01-25,Madurai,ALL,2100000,30.27,5.96,390.0
2023-01-25,Madurai,Urban,1260000,30.27,5.96,234.0
2023-01-25,Madurai,Suburban,840000,30.27,5.96,156.0
2023-01-26,Madurai,ALL,2100000,26.57,2.61,390.0
2023-01-26,Madurai,Urban,1260000,26.57,2.61,234.0
2023-01-26,Madurai,Suburban,840000,26.57,2.61,156.0
2023-01-27,Madurai,ALL,2100000,27.85,0.0,390.0
2023-01-27,Madurai,Urban,1260000,27.85,0.0,234.0
2023-01-27,Madurai,Suburban,840000,27.85,0.0,156.0
2023-01-28,Madurai,ALL,2100000,29.75,2.76,390.0
2023-01-28,Madurai,Urban,1260000,29.75,2.76,234.0
2023-01-28,Madurai,Suburban,840000,29.75,2.76,156.0
2023-01-29,Madurai,ALL,2100000,34.54,4.26,409.5
2023-01-29,Madurai,Urban,1260000,34.54,4.26,245.7
2023-01-29,Madurai,Suburban,840000,34.54,4.26,163.8
2023-01-30,Madurai,ALL,2100000,26.93,6.71,370.5
2023-01-30,Madurai,Urban,1260000,26.93,6.71,222.3
2023-01-30,Madurai,Suburban,840000,26.93,6.71,148.2
2023-01-31,Madurai,ALL,2100000,33.66,4.16,409.5
2023-01-31,Madurai,Urban,1260000,33.66,4.16,245.7
2023-01-31,Madurai,Suburban,840000,33.66,4.16,163.8
2023-02-01,Madurai,ALL,2100000,29.32,1.08,390.0
2023-02-01,Madurai,Urban,1260000,29.32,1.08,234.0
2023-02-01,Madurai,Suburban,840000,29.32,1.08,156.0
2023-02-02,Madurai,ALL,2100000,28.88,5.18,390.0
2023-02-02,Madurai,Urban,1260000,28.88,5.18,234.0
2023-02-02,Madurai,Suburban,840000,28.88,5.18,156.0
2023-02-03,Madurai,ALL,2100000,35.65,6.09,409.5
2023-02-03,Madurai,Urban,1260000,35.65,6.09,245.7
2023-02-03,Madurai,Suburban,840000,35.65,6.09,163.8
2023-02-04,Madurai,ALL,2100000,28.53,0.76,390.0
2023-02-04,Madurai,Urban,1260000,28.53,0.76,234.0
2023-02-04,Madurai,Suburban,840000,28.53,0.76,156.0
2023-02-05,Madurai,ALL,2100000,30.42,0.0,390.0
2023-02-05,Madurai,Urban,1260000,30.42,0.0,234.0
2023-02-05,Madurai,Suburban,840000,30.42,0.0,156.0
2023-02-06,Madurai,ALL,2100000,30.97,2.7,390.0
2023-02-06,Madurai,Urban,1260000,30.97,2.7,234.0
2023-02-06,Madurai,Suburban,840000,30.97,2.7,156.0
2023-02-07,Madurai,ALL,2100000,28.6,0.0,390.0
2023-02-07,Madurai,Urban,1260000,28.6,0.0,234.0
2023-02-07,Madurai,Suburban,840000,28.6,0.0,156.0
2023-02-08,Madurai,ALL,2100000,31.54,1.93,390.0
2023-02-08,Madurai,Urban,1260000,31.54,1.93,234.0
2023-02-08,Madurai,Suburban,840000,31.54,1.93,156.0
2023-02-09,Madurai,ALL,2100000,26.49,0.0,390.0
2023-02-09,Madurai,Urban,1260000,26.49,0.0,234.0
2023-02-09,Madurai,Suburban,840000,26.49,0.0,156.0
2023-02-10,Madurai,ALL,2100000,29.92,6.54,370.5
2023-02-10,Madurai,Urban,1260000,29.92,6.54,222.3
2023-02-10,Madurai,Suburban,840000,29.92,6.54,148.2
2023-02-11,Madurai,ALL,2100000,34.98,2.09,409.5
2023-02-11,Madurai,Urban,1260000,34.98,2.09,245.7
2023-02-11,Madurai,Suburban,840000,34.98,2.09,163.8
2023-02-12,Madurai,ALL,2100000,28.19,3.94,390.0
2023-02-12,Madurai,Urban,1260000,28.19,3.94,234.0
2023-02-12,Madurai,Suburban,840000,28.19,3.94,156.0
2023-02-13,Madurai,ALL,2100000,27.0,3.6,390.0
2023-02-13,Madurai,Urban,1260000,27.0,3.6,234.0
2023-02-13,Madurai,Suburban,840000,27.0,3.6,156.0
2023-02-14,Madurai,ALL,2100000,32.3,5.45,409.5
2023-02-14,Madurai,Urban,1260000,32.3,5.45,245.7
2023-02-14,Madurai,Suburban,840000,32.3,5.45,163.8
2023-02-15,Madurai,ALL,2100000,29.7,2.59,390.0
2023-02-15,Madurai,Urban,1260000,29.7,2.59,234.0
2023-02-15,Madurai,Suburban,840000,29.7,2.59,156.0
2023-02-16,Madurai,ALL,2100000,27.37,1.35,390.0
2023-02-16,Madurai,Urban,1260000,27.37,1.35,234.0
2023-02-16,Madurai,Suburban,840000,27.37,1.35,156.0
2023-02-17,Madurai,ALL,2100000,29.32,3.73,390.0
2023-02-17,Madurai,Urban,1260000,29.32,3.73,234.0
2023-02-17,Madurai,Suburban,840000,29.32,3.73,156.0
2023-02-18,Madurai,ALL,2100000,32.74,1.39,409.5
2023-02-18,Madurai,Urban,1260000,32.74,1.39,245.7
2023-02-18,Madurai,Suburban,840000,32.74,1.39,163.8
2023-02-19,Madurai,ALL,2100000,34.48,2.46,409.5
2023-02-19,Madurai,Urban,1260000,34.48,2.46,245.7
2023-02-19,Madurai,Suburban,840000,34.48,2.46,163.8
2023-02-20,Madurai,ALL,2100000,29.94,1.51,390.0
2023-02-20,Madurai,Urban,1260000,29.94,1.51,234.0
2023-02-20,Madurai,Suburban,840000,29.94,1.51,156.0
2023-02-21,Madurai,ALL,2100000,22.73,4.77,390.0
2023-02-21,Madurai,Urban,1260000,22.73,4.77,234.0
2023-02-21,Madurai,Suburban,840000,22.73,4.77,156.0
2023-02-22,Madurai,ALL,2100000,32.21,2.44,409.5
2023-02-22,Madurai,Urban,1260000,32.21,2.44,245.7
2023-02-22,Madurai,Suburban,840000,32.21,2.44,163.8
2023-02-23,Madurai,ALL,2100000,30.2,4.03,390.0
2023-02-23,Madurai,Urban,1260000,30.2,4.03,234.0
2023-02-23,Madurai,Suburban,840000,30.2,4.03,156.0
2023-02-24,Madurai,ALL,2100000,25.31,1.94,390.0
2023-02-24,Madurai,Urban,1260000,25.31,1.94,234.0
2023-02-24,Madurai,Suburban,840000,25.31,1.94,156.0
2023-02-25,Madurai,ALL,2100000,32.38,0.49,409.5
2023-02-25,Madurai,Urban,1260000,32.38,0.49,245.7
2023-02-25,Madurai,Suburban,840000,32.38,0.49,163.8
2023-02-26,Madurai,ALL,2100000,30.88,0.29,390.0
2023-02-26,Madurai,Urban,1260000,30.88,0.29,234.0
2023-02-26,Madurai,Suburban,840000,30.88,0.29,156.0
2023-02-27,Madurai,ALL,2100000,31.4,2.93,390.0
2023-02-27,Madurai,Urban,1260000,31.4,2.93,234.0
2023-02-27,Madurai,Suburban,840000,31.4,2.93,156.0
2023-02-28,Madurai,ALL,2100000,25.15,5.33,390.0
2023-02-28,Madurai,Urban,1260000,25.15,5.33,234.0
2023-02-28,Madurai,Suburban,840000,25.15,5.33,156.0
2023-03-01,Madurai,ALL,2100000,27.8,1.38,390.0
2023-03-01,Madurai,Urban,1260000,27.8,1.38,234.0
2023-03-01,Madurai,Suburban,840000,27.8,1.38,156.0
2023-03-02,Madurai,ALL,2100000,30.6,5.3,390.0
2023-03-02,Madurai,Urban,1260000,30.6,5.3,234.0
2023-03-02,Madurai,Suburban,840000,30.6,5.3,156.0
2023-03-03,Madurai,ALL,2100000,26.95,3.12,390.0
2023-03-03,Madurai,Urban,1260000,26.95,3.12,234.0
2023-03-03,Madurai,Suburban,840000,26.95,3.12,156.0
2023-03-04,Madurai,ALL,2100000,31.29,4.39,390.0
2023-03-04,Madurai,Urban,1260000,31.29,4.39,234.0
2023-03-04,Madurai,Suburban,840000,31.29,4.39,156.0
2023-03-05,Madurai,ALL,2100000,30.53,2.27,390.0
2023-03-05,Madurai,Urban,1260000,30.53,2.27,234.0
2023-03-05,Madurai,Suburban,840000,30.53,2.27,156.0
2023-03-06,Madurai,ALL,2100000,27.52,3.17,390.0
2023-03-06,Madurai,Urban,1260000,27.52,3.17,234.0
2023-03-06,Madurai,Suburban,840000,27.52,3.17,156.0
2023-03-07,Madurai,ALL,2100000,26.78,0.0,390.0
2023-03-07,Madurai,Urban,1260000,26.78,0.0,234.0
2023-03-07,Madurai,Suburban,840000,26.78,0.0,156.0
2023-03-08,Madurai,ALL,2100000,31.31,4.81,390.0
2023-03-08,Madurai,Urban,1260000,31.31,4.81,234.0
2023-03-08,Madurai,Suburban,840000,31.31,4.81,156.0
2023-03-09,Madurai,ALL,2100000,22.91,0.98,390.0
2023-03-09,Madurai,Urban,1260000,22.91,0.98,234.0
2023-03-09,Madurai,Suburban,840000,22.91,0.98,156.0
2023-03-10,Madurai,ALL,2100000,31.86,7.11,370.5
2023-03-10,Madurai,Urban,1260000,31.86,7.11,222.3
2023-03-10,Madurai,Suburban,840000,31.86,7.11,148.2
2023-03-11,Madurai,ALL,2100000,30.06,1.54,390.0
2023-03-11,Madurai,Urban,1260000,30.06,1.54,234.0
2023-03-11,Madurai,Suburban,840000,30.06,1.54,156.0
2023-03-12,Madurai,ALL,2100000,29.45,5.75,390.0
2023-03-12,Madurai,Urban,1260000,29.45,5.75,234.0
2023-03-12,Madurai,Suburban,840000,29.45,5.75,156.0
2023-03-13,Madurai,ALL,2100000,28.06,1.4,390.0
2023-03-13,Madurai,Urban,1260000,28.06,1.4,234.0
2023-03-13,Madurai,Suburban,840000,28.06,1.4,156.0
2023-03-14,Madurai,ALL,2100000,28.55,1.09,390.0
2023-03-14,Madurai,Urban,1260000,28.55,1.09,234.0
2023-03-14,Madurai,Suburban,840000,28.55,1.09,156.0
2023-03-15,Madurai,ALL,2100000,30.37,6.25,370.5
2023-03-15,Madurai,Urban,1260000,30.37,6.25,222.3
2023-03-15,Madurai,Suburban,840000,30.37,6.25,148.2
2023-03-16,Madurai,ALL,2100000,30.97,2.5,390.0
2023-03-16,Madurai,Urban,1260000,30.97,2.5,234.0
2023-03-16,Madurai,Suburban,840000,30.97,2.5,156.0
2023-03-17,Madurai,ALL,2100000,29.12,0.0,390.0
2023-03-17,Madurai,Urban,1260000,29.12,0.0,234.0
2023-03-17,Madurai,Suburban,840000,29.12,0.0,156.0
2023-03-18,Madurai,ALL,2100000,32.65,2.84,409.5
2023-03-18,Madurai,Urban,1260000,32.65,2.84,245.7
2023-03-18,Madurai,Suburban,840000,32.65,2.84,163.8
2023-03-19,Madurai,ALL,2100000,29.46,9.39,370.5
2023-03-19,Madurai,Urban,1260000,29.46,9.39,222.3
2023-03-19,Madurai,Suburban,840000,29.46,9.39,148.2
2023-03-20,Madurai,ALL,2100000,30.9,1.5,390.0
2023-03-20,Madurai,Urban,1260000,30.9,1.5,234.0
2023-03-20,Madurai,Suburban,840000,30.9,1.5,156.0
2023-03-21,Madurai,ALL,2100000,28.72,5.3,390.0
2023-03-21,Madurai,Urban,1260000,28.72,5.3,234.0
2023-03-21,Madurai,Suburban,840000,28.72,5.3,156.0
2023-03-22,Madurai,ALL,2100000,30.34,0.12,390.0
2023-03-22,Madurai,Urban,1260000,30.34,0.12,234.0
2023-03-22,Madurai,Suburban,840000,30.34,0.12,156.0
2023-03-23,Madurai,ALL,2100000,32.76,1.66,409.5
2023-03-23,Madurai,Urban,1260000,32.76,1.66,245.7
2023-03-23,Madurai,Suburban,840000,32.76,1.66,163.8
2023-03-24,Madurai,ALL,2100000,35.62,5.16,409.5
2023-03-24,Madurai,Urban,1260000,35.62,5.16,245.7
2023-03-24,Madurai,Suburban,840000,35.62,5.16,163.8
2023-03-25,Madurai,ALL,2100000,28.66,5.56,390.0
2023-03-25,Madurai,Urban,1260000,28.66,5.56,234.0
2023-03-25,Madurai,Suburban,840000,28.66,5.56,156.0
2023-03-26,Madurai,ALL,2100000,30.2,4.71,390.0
2023-03-26,Madurai,Urban,1260000,30.2,4.71,234.0
2023-03-26,Madurai,Suburban,840000,30.2,4.71,156.0
2023-03-27,Madurai,ALL,2100000,31.45,1.31,390.0
2023-03-27,Madurai,Urban,1260000,31.45,1.31,234.0
2023-03-27,Madurai,Suburban,840000,31.45,1.31,156.0
2023-03-28,Madurai,ALL,2100000,28.07,5.06,390.0
2023-03-28,Madurai,Urban,1260000,28.07,5.06,234.0
2023-03-28,Madurai,Suburban,840000,28.07,5.06,156.0
2023-03-29,Madurai,ALL,2100000,29.0,2.19,390.0
2023-03-29,Madurai,Urban,1260000,29.0,2.19,234.0
2023-03-29,Madurai,Suburban,840000,29.0,2.19,156.0
2023-03-30,Madurai,ALL,2100000,27.13,3.85,390.0
2023-03-30,Madurai,Urban,1260000,27.13,3.85,234.0
2023-03-30,Madurai,Suburban,840000,27.13,3.85,156.0
2023-03-31,Madurai,ALL,2100000,36.19,0.86,409.5
2023-03-31,Madurai,Urban,1260000,36.19,0.86,245.7
2023-03-31,Madurai,Suburban,840000,36.19,0.86,163.8
2023-04-01,Madurai,ALL,2100000,30.07,5.82,390.0
2023-04-01,Madurai,Urban,1260000,30.07,5.82,234.0
2023-04-01,Madurai,Suburban,840000,30.07,5.82,156.0
2023-04-02,Madurai,ALL,2100000,29.76,3.9,390.0
2023-04-02,Madurai,Urban,1260000,29.76,3.9,234.0
2023-04-02,Madurai,Suburban,840000,29.76,3.9,156.0
2023-04-03,Madurai,ALL,2100000,26.81,3.86,390.0
2023-04-03,Madurai,Urban,1260000,26.81,3.86,234.0
2023-04-03,Madurai,Suburban,840000,26.81,3.86,156.0
2023-04-04,Madurai,ALL,2100000,29.44,4.97,390.0
2023-04-04,Madurai,Urban,1260000,29.44,4.97,234.0
2023-04-04,Madurai,Suburban,840000,29.44,4.97,156.0
2023-04-05,Madurai,ALL,2100000,33.56,8.18,409.5
2023-04-05,Madurai,Urban,1260000,33.56,8.18,245.7
2023-04-05,Madurai,Suburban,840000,33.56,8.18,163.8
2023-04-06,Madurai,ALL,2100000,31.74,3.65,390.0
2023-04-06,Madurai,Urban,1260000,31.74,3.65,234.0
2023-04-06,Madurai,Suburban,840000,31.74,3.65,156.0
2023-04-07,Madurai,ALL,2100000,30.58,2.29,390.0
2023-04-07,Madurai,Urban,1260000,30.58,2.29,234.0
2023-04-07,Madurai,Suburban,840000,30.58,2.29,156.0
2023-04-08,Madurai,ALL,2100000,31.02,2.41,390.0
2023-04-08,Madurai,Urban,1260000,31.02,2.41,234.0
2023-04-08,Madurai,Suburban,840000,31.02,2.41,156.0
2023-04-09,Madurai,ALL,2100000,30.51,5.64,390.0
2023-04-09,Madurai,Urban,1260000,30.51,5.64,234.0
2023-04-09,Madurai,Suburban,840000,30.51,5.64,156.0
2023-04-10,Madurai,ALL,2100000,26.98,5.28,390.0
2023-04-10,Madurai,Urban,1260000,26.98,5.28,234.0
2023-04-10,Madurai,Suburban,840000,26.98,5.28,156.0
2023-04-11,Madurai,ALL,2100000,33.95,2.76,409.5
2023-04-11,Madurai,Urban,1260000,33.95,2.76,245.7
2023-04-11,Madurai,Suburban,840000,33.95,2.76,163.8
2023-04-12,Madurai,ALL,2100000,23.63,1.78,390.0
2023-04-12,Madurai,Urban,1260000,23.63,1.78,234.0
2023-04-12,Madurai,Suburban,840000,23.63,1.78,156.0
2023-04-13,Madurai,ALL,2100000,33.89,2.95,409.5
2023-04-13,Madurai,Urban,1260000,33.89,2.95,245.7
2023-04-13,Madurai,Suburban,840000,33.89,2.95,163.8
2023-04-14,Madurai,ALL,2100000,27.0,1.99,390.0
2023-04-14,Madurai,Urban,1260000,27.0,1.99,234.0
2023-04-14,Madurai,Suburban,840000,27.0,1.99,156.0
2023-04-15,Madurai,ALL,2100000,32.52,4.09,409.5
2023-04-15,Madurai,Urban,1260000,32.52,4.09,245.7
2023-04-15,Madurai,Suburban,840000,32.52,4.09,163.8
2023-04-16,Madurai,ALL,2100000,29.28,2.27,390.0
2023-04-16,Madurai,Urban,1260000,29.28,2.27,234.0
2023-04-16,Madurai,Suburban,840000,29.28,2.27,156.0
2023-04-17,Madurai,ALL,2100000,28.82,1.16,390.0
2023-04-17,Madurai,Urban,1260000,28.82,1.16,234.0
2023-04-17,Madurai,Suburban,840000,28.82,1.16,156.0
2023-04-18,Madurai,ALL,2100000,34.85,2.36,409.5
2023-04-18,Madurai,Urban,1260000,34.85,2.36,245.7
2023-04-18,Madurai,Suburban,840000,34.85,2.36,163.8
2023-04-19,Madurai,ALL,2100000,33.65,6.04,409.5
2023-04-19,Madurai,Urban,1260000,33.65,6.04,245.7
2023-04-19,Madurai,Suburban,840000,33.65,6.04,163.8
2023-04-20,Madurai,ALL,2100000,32.99,2.14,409.5
2023-04-20,Madurai,Urban,1260000,32.99,2.14,245.7
2023-04-20,Madurai,Suburban,840000,32.99,2.14,163.8
2023-04-21,Madurai,ALL,2100000,31.21,2.95,390.0
2023-04-21,Madurai,Urban,1260000,31.21,2.95,234.0
2023-04-21,Madurai,Suburban,840000,31.21,2.95,156.0
2023-04-22,Madurai,ALL,2100000,27.29,3.65,390.0
2023-04-22,Madurai,Urban,1260000,27.29,3.65,234.0
2023-04-22,Madurai,Suburban,840000,27.29,3.65,156.0
2023-04-23,Madurai,ALL,2100000,26.46,5.38,390.0
2023-04-23,Madurai,Urban,1260000,26.46,5.38,234.0
2023-04-23,Madurai,Suburban,840000,26.46,5.38,156.0
2023-04-24,Madurai,ALL,2100000,28.61,3.4,390.0
2023-04-24,Madurai,Urban,1260000,28.61,3.4,234.0
2023-04-24,Madurai,Suburban,840000,28.61,3.4,156.0
2023-04-25,Madurai,ALL,2100000,30.85,2.48,390.0
2023-04-25,Madurai,Urban,1260000,30.85,2.48,234.0
2023-04-25,Madurai,Suburban,840000,30.85,2.48,156.0
2023-04-26,Madurai,ALL,2100000,31.76,2.05,390.0
2023-04-26,Madurai,Urban,1260000,31.76,2.05,234.0
2023-04-26,Madurai,Suburban,840000,31.76,2.05,156.0
2023-04-27,Madurai,ALL,2100000,32.61,0.31,409.5
2023-04-27,Madurai,Urban,1260000,32.61,0.31,245.7
2023-04-27,Madurai,Suburban,840000,32.61,0.31,163.8
2023-04-28,Madurai,ALL,2100000,30.38,6.88,370.5
2023-04-28,Madurai,Urban,1260000,30.38,6.88,222.3
2023-04-28,Madurai,Suburban,840000,30.38,6.88,148.2
2023-04-29,Madurai,ALL,2100000,27.0,1.64,390.0
2023-04-29,Madurai,Urban,1260000,27.0,1.64,234.0
2023-04-29,Madurai,Suburban,840000,27.0,1.64,156.0
2023-04-30,Madurai,ALL,2100000,31.54,3.36,390.0
2023-04-30,Madurai,Urban,1260000,31.54,3.36,234.0
2023-04-30,Madurai,Suburban,840000,31.54,3.36,156.0
2023-05-01,Madurai,ALL,2100000,31.05,3.98,390.0
2023-05-01,Madurai,Urban,1260000,31.05,3.98,234.0
2023-05-01,Madurai,Suburban,840000,31.05,3.98,156.0
2023-05-02,Madurai,ALL,2100000,31.9,5.22,390.0
2023-05-02,Madurai,Urban,1260000,31.9,5.22,234.0
2023-05-02,Madurai,Suburban,840000,31.9,5.22,156.0
2023-05-03,Madurai,ALL,2100000,31.23,2.52,390.0
2023-05-03,Madurai,Urban,1260000,31.23,2.52,234.0
2023-05-03,Madurai,Suburban,840000,31.23,2.52,156.0
2023-05-04,Madurai,ALL,2100000,32.02,6.8,409.5
2023-05-04,Madurai,Urban,1260000,32.02,6.8,245.7
2023-05-04,Madurai,Suburban,840000,32.02,6.8,163.8
2023-05-05,Madurai,ALL,2100000,29.6,1.05,390.0
2023-05-05,Madurai,Urban,1260000,29.6,1.05,234.0
2023-05-05,Madurai,Suburban,840000,29.6,1.05,156.0
2023-05-06,Madurai,ALL,2100000,33.32,2.76,409.5
2023-05-06,Madurai,Urban,1260000,33.32,2.76,245.7
2023-05-06,Madurai,Suburban,840000,33.32,2.76,163.8
2023-05-07,Madurai,ALL,2100000,23.48,4.69,390.0
2023-05-07,Madurai,Urban,1260000,23.48,4.69,234.0
2023-05-07,Madurai,Suburban,840000,23.48,4.69,156.0
2023-05-08,Madurai,ALL,2100000,28.39,2.82,390.0
2023-05-08,Madurai,Urban,1260000,28.39,2.82,234.0
2023-05-08,Madurai,Suburban,840000,28.39,2.82,156.0
2023-05-09,Madurai,ALL,2100000,31.0,3.38,390.0
2023-05-09,Madurai,Urban,1260000,31.0,3.38,234.0
2023-05-09,Madurai,Suburban,840000,31.0,3.38,156.0
2023-05-10,Madurai,ALL,2100000,32.13,2.13,409.5
2023-05-10,Madurai,Urban,1260000,32.13,2.13,245.7
2023-05-10,Madurai,Suburban,840000,32.13,2.13,163.8
2023-05-11,Madurai,ALL,2100000,31.54,2.48,390.0
2023-05-11,Madurai,Urban,1260000,31.54,2.48,234.0
2023-05-11,Madurai,Suburban,840000,31.54,2.48,156.0
2023-05-12,Madurai,ALL,2100000,32.22,4.23,409.5
2023-05-12,Madurai,Urban,1260000,32.22,4.23,245.7
2023-05-12,Madurai,Suburban,840000,32.22,4.23,163.8
2023-05-13,Madurai,ALL,2100000,27.19,5.17,390.0
2023-05-13,Madurai,Urban,1260000,27.19,5.17,234.0
2023-05-13,Madurai,Suburban,840000,27.19,5.17,156.0
2023-05-14,Madurai,ALL,2100000,28.39,4.62,390.0
2023-05-14,Madurai,Urban,1260000,28.39,4.62,234.0
2023-05-14,Madurai,Suburban,840000,28.39,4.62,156.0
2023-05-15,Madurai,ALL,2100000,31.1,6.68,370.5
2023-05-15,Madurai,Urban,1260000,31.1,6.68,222.3
2023-05-15,Madurai,Suburban,840000,31.1,6.68,148.2
2023-05-16,Madurai,ALL,2100000,29.33,2.3,390.0
2023-05-16,Madurai,Urban,1260000,29.33,2.3,234.0
2023-05-16,Madurai,Suburban,840000,29.33,2.3,156.0
2023-05-17,Madurai,ALL,2100000,29.94,2.39,390.0
2023-05-17,Madurai,Urban,1260000,29.94,2.39,234.0
2023-05-17,Madurai,Suburban,840000,29.94,2.39,156.0
2023-05-18,Madurai,ALL,2100000,32.4,0.0,409.5
2023-05-18,Madurai,Urban,1260000,32.4,0.0,245.7
2023-05-18,Madurai,Suburban,840000,32.4,0.0,163.8
2023-05-19,Madurai,ALL,2100000,26.84,0.86,390.0
2023-05-19,Madurai,Urban,1260000,26.84,0.86,234.0
2023-05-19,Madurai,Suburban,840000,26.84,0.86,156.0
2023-05-20,Madurai,ALL,2100000,32.85,6.42,409.5
2023-05-20,Madurai,Urban,1260000,32.85,6.42,245.7
2023-05-20,Madurai,Suburban,840000,32.85,6.42,163.8
2023-05-21,Madurai,ALL,2100000,29.69,2.66,390.0
2023-05-21,Madurai,Urban,1260000,29.69,2.66,234.0
2023-05-21,Madurai,Suburban,840000,29.69,2.66,156.0
2023-05-22,Madurai,ALL,2100000,30.21,5.32,390.0
2023-05-22,Madurai,Urban,1260000,30.21,5.32,234.0
2023-05-22,Madurai,Suburban,840000,30.21,5.32,156.0
2023-05-23,Madurai,ALL,2100000,27.22,3.48,390.0
2023-05-23,Madurai,Urban,1260000,27.22,3.48,234.0
2023-05-23,Madurai,Suburban,840000,27.22,3.48,156.0
2023-05-24,Madurai,ALL,2100000,32.93,4.0,409.5
2023-05-24,Madurai,Urban,1260000,32.93,4.0,245.7
2023-05-24,Madurai,Suburban,840000,32.93,4.0,163.8
2023-05-25,Madurai,ALL,2100000,30.57,5.0,390.0
2023-05-25,Madurai,Urban,1260000,30.57,5.0,234.0
2023-05-25,Madurai,Suburban,840000,30.57,5.0,156.0
2023-05-26,Madurai,ALL,2100000,21.89,4.36,390.0
2023-05-26,Madurai,Urban,1260000,21.89,4.36,234.0
2023-05-26,Madurai,Suburban,840000,21.89,4.36,156.0
2023-05-27,Madurai,ALL,2100000,28.04,0.0,390.0
2023-05-27,Madurai,Urban,1260000,28.04,0.0,234.0
2023-05-27,Madurai,Suburban,840000,28.04,0.0,156.0
2023-05-28,Madurai,ALL,2100000,31.53,5.75,390.0
2023-05-28,Madurai,Urban,1260000,31.53,5.75,234.0
2023-05-28,Madurai,Suburban,840000,31.53,5.75,156.0
2023-05-29,Madurai,ALL,2100000,29.59,4.91,390.0
2023-05-29,Madurai,Urban,1260000,29.59,4.91,234.0
2023-05-29,Madurai,Suburban,840000,29.59,4.91,156.0
2023-05-30,Madurai,ALL,2100000,34.84,5.63,409.5
2023-05-30,Madurai,Urban,1260000,34.84,5.63,245.7
2023-05-30,Madurai,Suburban,840000,34.84,5.63,163.8
2023-05-31,Madurai,ALL,2100000,34.92,4.48,409.5
2023-05-31,Madurai,Urban,1260000,34.92,4.48,245.7
2023-05-31,Madurai,Suburban,840000,34.92,4.48,163.8
2023-06-01,Madurai,ALL,2100000,30.23,0.0,390.0
2023-06-01,Madurai,Urban,1260000,30.23,0.0,234.0
2023-06-01,Madurai,Suburban,840000,30.23,0.0,156.0
2023-06-02,Madurai,ALL,2100000,29.26,1.31,390.0
2023-06-02,Madurai,Urban,1260000,29.26,1.31,234.0
2023-06-02,Madurai,Suburban,840000,29.26,1.31,156.0
2023-06-03,Madurai,ALL,2100000,36.51,2.65,409.5
2023-06-03,Madurai,Urban,1260000,36.51,2.65,245.7
2023-06-03,Madurai,Suburban,840000,36.51,2.65,163.8
2023-06-04,Madurai,ALL,2100000,30.37,4.1,390.0
2023-06-04,Madurai,Urban,1260000,30.37,4.1,234.0
2023-06-04,Madurai,Suburban,840000,30.37,4.1,156.0
2023-06-05,Madurai,ALL,2100000,30.13,6.39,370.5
2023-06-05,Madurai,Urban,1260000,30.13,6.39,222.3
2023-06-05,Madurai,Suburban,840000,30.13,6.39,148.2
2023-06-06,Madurai,ALL,2100000,28.13,3.39,390.0
2023-06-06,Madurai,Urban,1260000,28.13,3.39,234.0
2023-06-06,Madurai,Suburban,840000,28.13,3.39,156.0
2023-06-07,Madurai,ALL,2100000,27.77,0.36,390.0
2023-06-07,Madurai,Urban,1260000,27.77,0.36,234.0
2023-06-07,Madurai,Suburban,840000,27.77,0.36,156.0
2023-06-08,Madurai,ALL,2100000,28.16,2.93,390.0
2023-06-08,Madurai,Urban,1260000,28.16,2.93,234.0
2023-06-08,Madurai,Suburban,840000,28.16,2.93,156.0
2023-06-09,Madurai,ALL,2100000,28.71,1.62,390.0
2023-06-09,Madurai,Urban,1260000,28.71,1.62,234.0
2023-06-09,Madurai,Suburban,840000,28.71,1.62,156.0
2023-06-10,Madurai,ALL,2100000,25.78,2.83,390.0
2023-06-10,Madurai,Urban,1260000,25.78,2.83,234.0
2023-06-10,Madurai,Suburban,840000,25.78,2.83,156.0
2023-06-11,Madurai,ALL,2100000,25.49,4.52,390.0
2023-06-11,Madurai,Urban,1260000,25.49,4.52,234.0
2023-06-11,Madurai,Suburban,840000,25.49,4.52,156.0
2023-06-12,Madurai,ALL,2100000,30.25,0.08,390.0
2023-06-12,Madurai,Urban,1260000,30.25,0.08,234.0
2023-06-12,Madurai,Suburban,840000,30.25,0.08,156.0
2023-06-13,Madurai,ALL,2100000,29.07,1.5,390.0
2023-06-13,Madurai,Urban,1260000,29.07,1.5,234.0
2023-06-13,Madurai,Suburban,840000,29.07,1.5,156.0
2023-06-14,Madurai,ALL,2100000,30.96,5.68,390.0
2023-06-14,Madurai,Urban,1260000,30.96,5.68,234.0
2023-06-14,Madurai,Suburban,840000,30.96,5.68,156.0
2023-06-15,Madurai,ALL,2100000,24.37,3.23,390.0
2023-06-15,Madurai,Urban,1260000,24.37,3.23,234.0
2023-06-15,Madurai,Suburban,840000,24.37,3.23,156.0
2023-06-16,Madurai,ALL,2100000,29.52,4.34,390.0
2023-06-16,Madurai,Urban,1260000,29.52,4.34,234.0
2023-06-16,Madurai,Suburban,840000,29.52,4.34,156.0
2023-06-17,Madurai,ALL,2100000,30.64,1.5,390.0
2023-06-17,Madurai,Urban,1260000,30.64,1.5,234.0
2023-06-17,Madurai,Suburban,840000,30.64,1.5,156.0
2023-06-18,Madurai,ALL,2100000,29.04,1.41,390.0
2023-06-18,Madurai,Urban,1260000,29.04,1.41,234.0
2023-06-18,Madurai,Suburban,840000,29.04,1.41,156.0
2023-06-19,Madurai,ALL,2100000,33.23,3.04,409.5
2023-06-19,Madurai,Urban,1260000,33.23,3.04,245.7
2023-06-19,Madurai,Suburban,840000,33.23,3.04,163.8
2023-06-20,Madurai,ALL,2100000,35.7,2.88,409.5
2023-06-20,Madurai,Urban,1260000,35.7,2.88,245.7
2023-06-20,Madurai,Suburban,840000,35.7,2.88,163.8
2023-06-21,Madurai,ALL,2100000,27.87,0.0,390.0
2023-06-21,Madurai,Urban,1260000,27.87,0.0,234.0
2023-06-21,Madurai,Suburban,840000,27.87,0.0,156.0
2023-06-22,Madurai,ALL,2100000,24.59,0.0,390.0
2023-06-22,Madurai,Urban,1260000,24.59,0.0,234.0
2023-06-22,Madurai,Suburban,840000,24.59,0.0,156.0
2023-06-23,Madurai,ALL,2100000,30.8,4.02,390.0
2023-06-23,Madurai,Urban,1260000,30.8,4.02,234.0
2023-06-23,Madurai,Suburban,840000,30.8,4.02,156.0
2023-06-24,Madurai,ALL,2100000,25.26,4.79,390.0
2023-06-24,Madurai,Urban,1260000,25.26,4.79,234.0
2023-06-24,Madurai,Suburban,840000,25.26,4.79,156.0
2023-06-25,Madurai,ALL,2100000,28.55,3.29,390.0
2023-06-25,Madurai,Urban,1260000,28.55,3.29,234.0
2023-06-25,Madurai,Suburban,840000,28.55,3.29,156.0
2023-06-26,Madurai,ALL,2100000,34.84,4.79,409.5
2023-06-26,Madurai,Urban,1260000,34.84,4.79,245.7
2023-06-26,Madurai,Suburban,840000,34.84,4.79,163.8
2023-06-27,Madurai,ALL,2100000,29.19,1.22,390.0
2023-06-27,Madurai,Urban,1260000,29.19,1.22,234.0
2023-06-27,Madurai,Suburban,840000,29.19,1.22,156.0
2023-06-28,Madurai,ALL,2100000,23.54,1.56,390.0
2023-06-28,Madurai,Urban,1260000,23.54,1.56,234.0
2023-06-28,Madurai,Suburban,840000,23.54,1.56,156.0
2023-06-29,Madurai,ALL,2100000,29.37,1.03,390.0
2023-06-29,Madurai,Urban,1260000,29.37,1.03,234.0
2023-06-29,Madurai,Suburban,840000,29.37,1.03,156.0
2023-06-30,Madurai,ALL,2100000,29.61,3.15,390.0
2023-06-30,Madurai,Urban,1260000,29.61,3.15,234.0
2023-06-30,Madurai,Suburban,840000,29.61,3.15,156.0
2023-07-01,Madurai,ALL,2100000,29.33,1.7,390.0
2023-07-01,Madurai,Urban,1260000,29.33,1.7,234.0
2023-07-01,Madurai,Suburban,840000,29.33,1.7,156.0
2023-07-02,Madurai,ALL,2100000,30.51,3.88,390.0
2023-07-02,Madurai,Urban,1260000,30.51,3.88,234.0
2023-07-02,Madurai,Suburban,840000,30.51,3.88,156.0
2023-07-03,Madurai,ALL,2100000,26.73,5.82,390.0
2023-07-03,Madurai,Urban,1260000,26.73,5.82,234.0
2023-07-03,Madurai,Suburban,840000,26.73,5.82,156.0
2023-07-04,Madurai,ALL,2100000,29.7,3.04,390.0
2023-07-04,Madurai,Urban,1260000,29.7,3.04,234.0
2023-07-04,Madurai,Suburban,840000,29.7,3.04,156.0
2023-07-05,Madurai,ALL,2100000,32.12,3.47,409.5
2023-07-05,Madurai,Urban,1260000,32.12,3.47,245.7
2023-07-05,Madurai,Suburban,840000,32.12,3.47,163.8
2023-07-06,Madurai,ALL,2100000,32.86,3.57,409.5
2023-07-06,Madurai,Urban,1260000,32.86,3.57,245.7
2023-07-06,Madurai,Suburban,840000,32.86,3.57,163.8
2023-07-07,Madurai,ALL,2100000,28.16,3.72,390.0
2023-07-07,Madurai,Urban,1260000,28.16,3.72,234.0
2023-07-07,Madurai,Suburban,840000,28.16,3.72,156.0
2023-07-08,Madurai,ALL,2100000,26.57,3.22,390.0
2023-07-08,Madurai,Urban,1260000,26.57,3.22,234.0
2023-07-08,Madurai,Suburban,840000,26.57,3.22,156.0
2023-07-09,Madurai,ALL,2100000,29.9,2.58,390.0
2023-07-09,Madurai,Urban,1260000,29.9,2.58,234.0
2023-07-09,Madurai,Suburban,840000,29.9,2.58,156.0
2023-07-10,Madurai,ALL,2100000,29.61,0.0,390.0
2023-07-10,Madurai,Urban,1260000,29.61,0.0,234.0
2023-07-10,Madurai,Suburban,840000,29.61,0.0,156.0
2023-07-11,Madurai,ALL,2100000,28.35,3.19,390.0
2023-07-11,Madurai,Urban,1260000,28.35,3.19,234.0
2023-07-11,Madurai,Suburban,840000,28.35,3.19,156.0
2023-07-12,Madurai,ALL,2100000,30.48,0.94,390.0
2023-07-12,Madurai,Urban,1260000,30.48,0.94,234.0
2023-07-12,Madurai,Suburban,840000,30.48,0.94,156.0
2023-07-13,Madurai,ALL,2100000,33.8,1.27,409.5
2023-07-13,Madurai,Urban,1260000,33.8,1.27,245.7
2023-07-13,Madurai,Suburban,840000,33.8,1.27,163.8
2023-07-14,Madurai,ALL,2100000,32.91,3.85,409.5
2023-07-14,Madurai,Urban,1260000,32.91,3.85,245.7
2023-07-14,Madurai,Suburban,840000,32.91,3.85,163.8
2023-07-15,Madurai,ALL,2100000,28.06,6.55,370.5
2023-07-15,Madurai,Urban,1260000,28.06,6.55,222.3
2023-07-15,Madurai,Suburban,840000,28.06,6.55,148.2
2023-07-16,Madurai,ALL,2100000,26.42,4.84,390.0
2023-07-16,Madurai,Urban,1260000,26.42,4.84,234.0
2023-07-16,Madurai,Suburban,840000,26.42,4.84,156.0
2023-07-17,Madurai,ALL,2100000,33.0,1.66,409.5
2023-07-17,Madurai,Urban,1260000,33.0,1.66,245.7
2023-07-17,Madurai,Suburban,840000,33.0,1.66,163.8
2023-07-18,Madurai,ALL,2100000,34.18,2.5,409.5
2023-07-18,Madurai,Urban,1260000,34.18,2.5,245.7
2023-07-18,Madurai,Suburban,840000,34.18,2.5,163.8
2023-07-19,Madurai,ALL,2100000,30.87,3.52,390.0
2023-07-19,Madurai,Urban,1260000,30.87,3.52,234.0
2023-07-19,Madurai,Suburban,840000,30.87,3.52,156.0
2023-07-20,Madurai,ALL,2100000,29.6,4.62,390.0
2023-07-20,Madurai,Urban,1260000,29.6,4.62,234.0
2023-07-20,Madurai,Suburban,840000,29.6,4.62,156.0
2023-07-21,Madurai,ALL,2100000,32.38,0.0,409.5
2023-07-21,Madurai,Urban,1260000,32.38,0.0,245.7
2023-07-21,Madurai,Suburban,840000,32.38,0.0,163.8
2023-07-22,Madurai,ALL,2100000,33.91,0.0,409.5
2023-07-22,Madurai,Urban,1260000,33.91,0.0,245.7
2023-07-22,Madurai,Suburban,840000,33.91,0.0,163.8
2023-07-23,Madurai,ALL,2100000,33.1,5.25,409.5
2023-07-23,Madurai,Urban,1260000,33.1,5.25,245.7
2023-07-23,Madurai,Suburban,840000,33.1,5.25,163.8
2023-07-24,Madurai,ALL,2100000,26.73,2.18,390.0
2023-07-24,Madurai,Urban,1260000,26.73,2.18,234.0
2023-07-24,Madurai,Suburban,840000,26.73,2.18,156.0
2023-07-25,Madurai,ALL,2100000,26.68,2.57,390.0
2023-07-25,Madurai,Urban,1260000,26.68,2.57,234.0
2023-07-25,Madurai,Suburban,840000,26.68,2.57,156.0
2023-07-26,Madurai,ALL,2100000,29.08,4.56,390.0
2023-07-26,Madurai,Urban,1260000,29.08,4.56,234.0
2023-07-26,Madurai,Suburban,840000,29.08,4.56,156.0
2023-07-27,Madurai,ALL,2100000,33.93,5.79,409.5
2023-07-27,Madurai,Urban,1260000,33.93,5.79,245.7
2023-07-27,Madurai,Suburban,840000,33.93,5.79,163.8
2023-07-28,Madurai,ALL,2100000,28.31,2.58,390.0
2023-07-28,Madurai,Urban,1260000,28.31,2.58,234.0
2023-07-28,Madurai,Suburban,840000,28.31,2.58,156.0
2023-07-29,Madurai,ALL,2100000,24.95,1.39,390.0
2023-07-29,Madurai,Urban,1260000,24.95,1.39,234.0
2023-07-29,Madurai,Suburban,840000,24.95,1.39,156.0
2023-07-30,Madurai,ALL,2100000,32.89,6.23,409.5
2023-07-30,Madurai,Urban,1260000,32.89,6.23,245.7
2023-07-30,Madurai,Suburban,840000,32.89,6.23,163.8
2023-07-31,Madurai,ALL,2100000,26.3,1.82,390.0
2023-07-31,Madurai,Urban,1260000,26.3,1.82,234.0
2023-07-31,Madurai,Suburban,840000,26.3,1.82,156.0
2023-08-01,Madurai,ALL,2100000,29.92,3.56,390.0
2023-08-01,Madurai,Urban,1260000,29.92,3.56,234.0
2023-08-01,Madurai,Suburban,840000,29.92,3.56,156.0
2023-08-02,Madurai,ALL,2100000,27.57,3.85,390.0
2023-08-02,Madurai,Urban,1260000,27.57,3.85,234.0
2023-08-02,Madurai,Suburban,840000,27.57,3.85,156.0
2023-08-03,Madurai,ALL,2100000,28.58,2.97,390.0
2023-08-03,Madurai,Urban,1260000,28.58,2.97,234.0
2023-08-03,Madurai,Suburban,840000,28.58,2.97,156.0
2023-08-04,Madurai,ALL,2100000,31.64,3.01,390.0
2023-08-04,Madurai,Urban,1260000,31.64,3.01,234.0
2023-08-04,Madurai,Suburban,840000,31.64,3.01,156.0
2023-08-05,Madurai,ALL,2100000,28.69,2.78,390.0
2023-08-05,Madurai,Urban,1260000,28.69,2.78,234.0
2023-08-05,Madurai,Suburban,840000,28.69,2.78,156.0
2023-08-06,Madurai,ALL,2100000,29.73,2.26,390.0
2023-08-06,Madurai,Urban,1260000,29.73,2.26,234.0
2023-08-06,Madurai,Suburban,840000,29.73,2.26,156.0
2023-08-07,Madurai,ALL,2100000,29.22,6.2,370.5
2023-08-07,Madurai,Urban,1260000,29.22,6.2,222.3
2023-08-07,Madurai,Suburban,840000,29.22,6.2,148.2
2023-08-08,Madurai,ALL,2100000,31.68,2.41,390.0
2023-08-08,Madurai,Urban,1260000,31.68,2.41,234.0
2023-08-08,Madurai,Suburban,840000,31.68,2.41,156.0
2023-08-09,Madurai,ALL,2100000,32.09,2.33,409.5
2023-08-09,Madurai,Urban,1260000,32.09,2.33,245.7
2023-08-09,Madurai,Suburban,840000,32.09,2.33,163.8
2023-08-10,Madurai,ALL,2100000,33.52,3.74,409.5
2023-08-10,Madurai,Urban,1260000,33.52,3.74,245.7
2023-08-10,Madurai,Suburban,840000,33.52,3.74,163.8
2023-08-11,Madurai,ALL,2100000,29.68,3.9,390.0
2023-08-11,Madurai,Urban,1260000,29.68,3.9,234.0
2023-08-11,Madurai,Suburban,840000,29.68,3.9,156.0
2023-08-12,Madurai,ALL,2100000,25.29,0.75,390.0
2023-08-12,Madurai,Urban,1260000,25.29,0.75,234.0
2023-08-12,Madurai,Suburban,840000,25.29,0.75,156.0
2023-08-13,Madurai,ALL,2100000,26.42,3.29,390.0
2023-08-13,Madurai,Urban,1260000,26.42,3.29,234.0
2023-08-13,Madurai,Suburban,840000,26.42,3.29,156.0
2023-08-14,Madurai,ALL,2100000,35.2,7.46,409.5
2023-08-14,Madurai,Urban,1260000,35.2,7.46,245.7
2023-08-14,Madurai,Suburban,840000,35.2,7.46,163.8
2023-08-15,Madurai,ALL,2100000,31.91,4.0,390.0
2023-08-15,Madurai,Urban,1260000,31.91,4.0,234.0
2023-08-15,Madurai,Suburban,840000,31.91,4.0,156.0
2023-08-16,Madurai,ALL,2100000,24.6,1.91,390.0
2023-08-16,Madurai,Urban,1260000,24.6,1.91,234.0
2023-08-16,Madurai,Suburban,840000,24.6,1.91,156.0
2023-08-17,Madurai,ALL,2100000,27.64,1.76,390.0
2023-08-17,Madurai,Urban,1260000,27.64,1.76,234.0
2023-08-17,Madurai,Suburban,840000,27.64,1.76,156.0
2023-08-18,Madurai,ALL,2100000,29.5,2.06,390.0
2023-08-18,Madurai,Urban,1260000,29.5,2.06,234.0
2023-08-18,Madurai,Suburban,840000,29.5,2.06,156.0
2023-08-19,Madurai,ALL,2100000,24.06,4.5,390.0
2023-08-19,Madurai,Urban,1260000,24.06,4.5,234.0
2023-08-19,Madurai,Suburban,840000,24.06,4.5,156.0
2023-08-20,Madurai,ALL,2100000,26.78,3.48,390.0
2023-08-20,Madurai,Urban,1260000,26.78,3.48,234.0
2023-08-20,Madurai,Suburban,840000,26.78,3.48,156.0
2023-08-21,Madurai,ALL,2100000,36.22,1.16,409.5
2023-08-21,Madurai,Urban,1260000,36.22,1.16,245.7
2023-08-21,Madurai,Suburban,840000,36.22,1.16,163.8
2023-08-22,Madurai,ALL,2100000,22.41,2.43,390.0
2023-08-22,Madurai,Urban,1260000,22.41,2.43,234.0
2023-08-22,Madurai,Suburban,840000,22.41,2.43,156.0
2023-08-23,Madurai,ALL,2100000,33.3,6.92,409.5
2023-08-23,Madurai,Urban,1260000,33.3,6.92,245.7
2023-08-23,Madurai,Suburban,840000,33.3,6.92,163.8
2023-08-24,Madurai,ALL,2100000,26.31,3.99,390.0
2023-08-24,Madurai,Urban,1260000,26.31,3.99,234.0
2023-08-24,Madurai,Suburban,840000,26.31,3.99,156.0
2023-08-25,Madurai,ALL,2100000,28.6,2.79,390.0
2023-08-25,Madurai,Urban,1260000,28.6,2.79,234.0
2023-08-25,Madurai,Suburban,840000,28.6,2.79,156.0
2023-08-26,Madurai,ALL,2100000,37.93,0.0,409.5
2023-08-26,Madurai,Urban,1260000,37.93,0.0,245.7
2023-08-26,Madurai,Suburban,840000,37.93,0.0,163.8
2023-08-27,Madurai,ALL,2100000,30.76,3.94,390.0
2023-08-27,Madurai,Urban,1260000,30.76,3.94,234.0
2023-08-27,Madurai,Suburban,840000,30.76,3.94,156.0
2023-08-28,Madurai,ALL,2100000,33.26,3.2,409.5
2023-08-28,Madurai,Urban,1260000,33.26,3.2,245.7
2023-08-28,Madurai,Suburban,840000,33.26,3.2,163.8
2023-08-29,Madurai,ALL,2100000,30.92,2.22,390.0
2023-08-29,Madurai,Urban,1260000,30.92,2.22,234.0
2023-08-29,Madurai,Suburban,840000,30.92,2.22,156.0
2023-08-30,Madurai,ALL,2100000,30.81,2.31,390.0
2023-08-30,Madurai,Urban,1260000,30.81,2.31,234.0
2023-08-30,Madurai,Suburban,840000,30.81,2.31,156.0
2023-08-31,Madurai,ALL,2100000,31.86,2.26,390.0
2023-08-31,Madurai,Urban,1260000,31.86,2.26,234.0
2023-08-31,Madurai,Suburban,840000,31.86,2.26,156.0
2023-09-01,Madurai,ALL,2100000,31.13,2.94,390.0
2023-09-01,Madurai,Urban,1260000,31.13,2.94,234.0
2023-09-01,Madurai,Suburban,840000,31.13,2.94,156.0
2023-09-02,Madurai,ALL,2100000,33.38,2.9,409.5
2023-09-02,Madurai,Urban,1260000,33.38,2.9,245.7
2023-09-02,Madurai,Suburban,840000,33.38,2.9,163.8
2023-09-03,Madurai,ALL,2100000,24.68,5.52,390.0
2023-09-03,Madurai,Urban,1260000,24.68,5.52,234.0
2023-09-03,Madurai,Suburban,840000,24.68,5.52,156.0
2023-09-04,Madurai,ALL,2100000,27.28,1.69,390.0
2023-09-04,Madurai,Urban,1260000,27.28,1.69,234.0
2023-09-04,Madurai,Suburban,840000,27.28,1.69,156.0
2023-09-05,Madurai,ALL,2100000,28.21,5.75,390.0
2023-09-05,Madurai,Urban,1260000,28.21,5.75,234.0
2023-09-05,Madurai,Suburban,840000,28.21,5.75,156.0
2023-09-06,Madurai,ALL,2100000,23.59,9.28,370.5
2023-09-06,Madurai,Urban,1260000,23.59,9.28,222.3
2023-09-06,Madurai,Suburban,840000,23.59,9.28,148.2
2023-09-07,Madurai,ALL,2100000,33.17,3.45,409.5
2023-09-07,Madurai,Urban,1260000,33.17,3.45,245.7
2023-09-07,Madurai,Suburban,840000,33.17,3.45,163.8
2023-09-08,Madurai,ALL,2100000,29.84,3.57,390.0
2023-09-08,Madurai,Urban,1260000,29.84,3.57,234.0
2023-09-08,Madurai,Suburban,840000,29.84,3.57,156.0
2023-09-09,Madurai,ALL,2100000,31.56,4.29,390.0
2023-09-09,Madurai,Urban,1260000,31.56,4.29,234.0
2023-09-09,Madurai,Suburban,840000,31.56,4.29,156.0
2023-09-10,Madurai,ALL,2100000,31.67,3.18,390.0
2023-09-10,Madurai,Urban,1260000,31.67,3.18,234.0
2023-09-10,Madurai,Suburban,840000,31.67,3.18,156.0
2023-09-11,Madurai,ALL,2100000,29.41,2.7,390.0
2023-09-11,Madurai,Urban,1260000,29.41,2.7,234.0
2023-09-11,Madurai,Suburban,840000,29.41,2.7,156.0
2023-09-12,Madurai,ALL,2100000,29.42,5.27,390.0
2023-09-12,Madurai,Urban,1260000,29.42,5.27,234.0
2023-09-12,Madurai,Suburban,840000,29.42,5.27,156.0
2023-09-13,Madurai,ALL,2100000,31.78,0.0,390.0
2023-09-13,Madurai,Urban,1260000,31.78,0.0,234.0
2023-09-13,Madurai,Suburban,840000,31.78,0.0,156.0
2023-09-14,Madurai,ALL,2100000,31.97,3.39,390.0
2023-09-14,Madurai,Urban,1260000,31.97,3.39,234.0
2023-09-14,Madurai,Suburban,840000,31.97,3.39,156.0
2023-09-15,Madurai,ALL,2100000,29.94,2.22,390.0
2023-09-15,Madurai,Urban,1260000,29.94,2.22,234.0
2023-09-15,Madurai,Suburban,840000,29.94,2.22,156.0
2023-09-16,Madurai,ALL,2100000,33.37,4.9,409.5
2023-09-16,Madurai,Urban,1260000,33.37,4.9,245.7
2023-09-16,Madurai,Suburban,840000,33.37,4.9,163.8
2023-09-17,Madurai,ALL,2100000,27.68,3.81,390.0
2023-09-17,Madurai,Urban,1260000,27.68,3.81,234.0
2023-09-17,Madurai,Suburban,840000,27.68,3.81,156.0
2023-09-18,Madurai,ALL,2100000,27.09,0.24,390.0
2023-09-18,Madurai,Urban,1260000,27.09,0.24,234.0
2023-09-18,Madurai,Suburban,840000,27.09,0.24,156.0
2023-09-19,Madurai,ALL,2100000,28.12,4.72,390.0
2023-09-19,Madurai,Urban,1260000,28.12,4.72,234.0
2023-09-19,Madurai,Suburban,840000,28.12,4.72,156.0
2023-09-20,Madurai,ALL,2100000,32.86,4.03,409.5
2023-09-20,Madurai,Urban,1260000,32.86,4.03,245.7
2023-09-20,Madurai,Suburban,840000,32.86,4.03,163.8
2023-09-21,Madurai,ALL,2100000,32.18,4.03,409.5
2023-09-21,Madurai,Urban,1260000,32.18,4.03,245.7
2023-09-21,Madurai,Suburban,840000,32.18,4.03,163.8
2023-09-22,Madurai,ALL,2100000,28.08,3.86,390.0
2023-09-22,Madurai,Urban,1260000,28.08,3.86,234.0
2023-09-22,Madurai,Suburban,840000,28.08,3.86,156.0
2023-09-23,Madurai,ALL,2100000,32.4,4.51,409.5
2023-09-23,Madurai,Urban,1260000,32.4,4.51,245.7
2023-09-23,Madurai,Suburban,840000,32.4,4.51,163.8
2023-09-24,Madurai,ALL,2100000,33.57,4.42,409.5
2023-09-24,Madurai,Urban,1260000,33.57,4.42,245.7
2023-09-24,Madurai,Suburban,840000,33.57,4.42,163.8
2023-09-25,Madurai,ALL,2100000,31.05,5.14,390.0
2023-09-25,Madurai,Urban,1260000,31.05,5.14,234.0
2023-09-25,Madurai,Suburban,840000,31.05,5.14,156.0
2023-09-26,Madurai,ALL,2100000,29.92,1.24,390.0
2023-09-26,Madurai,Urban,1260000,29.92,1.24,234.0
2023-09-26,Madurai,Suburban,840000,29.92,1.24,156.0
2023-09-27,Madurai,ALL,2100000,29.51,1.51,390.0
2023-09-27,Madurai,Urban,1260000,29.51,1.51,234.0
2023-09-27,Madurai,Suburban,840000,29.51,1.51,156.0
2023-09-28,Madurai,ALL,2100000,27.97,2.71,390.0
2023-09-28,Madurai,Urban,1260000,27.97,2.71,234.0
2023-09-28,Madurai,Suburban,840000,27.97,2.71,156.0
2023-09-29,Madurai,ALL,2100000,27.62,2.38,390.0
2023-09-29,Madurai,Urban,1260000,27.62,2.38,234.0
2023-09-29,Madurai,Suburban,840000,27.62,2.38,156.0
2023-09-30,Madurai,ALL,2100000,24.32,3.43,390.0
2023-09-30,Madurai,Urban,1260000,24.32,3.43,234.0
2023-09-30,Madurai,Suburban,840000,24.32,3.43,156.0
2023-10-01,Madurai,ALL,2100000,30.0,1.37,390.0
2023-10-01,Madurai,Urban,1260000,30.0,1.37,234.0
2023-10-01,Madurai,Suburban,840000,30.0,1.37,156.0
2023-10-02,Madurai,ALL,2100000,31.98,4.88,390.0
2023-10-02,Madurai,Urban,1260000,31.98,4.88,234.0
2023-10-02,Madurai,Suburban,840000,31.98,4.88,156.0
2023-10-03,Madurai,ALL,2100000,25.18,1.47,390.0
2023-10-03,Madurai,Urban,1260000,25.18,1.47,234.0
2023-10-03,Madurai,Suburban,840000,25.18,1.47,156.0
2023-10-04,Madurai,ALL,2100000,27.69,1.12,390.0
2023-10-04,Madurai,Urban,1260000,27.69,1.12,234.0
2023-10-04,Madurai,Suburban,840000,27.69,1.12,156.0
2023-10-05,Madurai,ALL,2100000,32.49,2.61,409.5
2023-10-05,Madurai,Urban,1260000,32.49,2.61,245.7
2023-10-05,Madurai,Suburban,840000,32.49,2.61,163.8
2023-10-06,Madurai,ALL,2100000,29.21,0.0,390.0
2023-10-06,Madurai,Urban,1260000,29.21,0.0,234.0
2023-10-06,Madurai,Suburban,840000,29.21,0.0,156.0
2023-10-07,Madurai,ALL,2100000,31.91,0.52,390.0
2023-10-07,Madurai,Urban,1260000,31.91,0.52,234.0
2023-10-07,Madurai,Suburban,840000,31.91,0.52,156.0
2023-10-08,Madurai,ALL,2100000,30.18,3.55,390.0
2023-10-08,Madurai,Urban,1260000,30.18,3.55,234.0
2023-10-08,Madurai,Suburban,840000,30.18,3.55,156.0
2023-10-09,Madurai,ALL,2100000,34.08,0.38,409.5
2023-10-09,Madurai,Urban,1260000,34.08,0.38,245.7
2023-10-09,Madurai,Suburban,840000,34.08,0.38,163.8
2023-10-10,Madurai,ALL,2100000,20.94,3.37,390.0
2023-10-10,Madurai,Urban,1260000,20.94,3.37,234.0
2023-10-10,Madurai,Suburban,840000,20.94,3.37,156.0
2023-10-11,Madurai,ALL,2100000,35.4,5.48,409.5
2023-10-11,Madurai,Urban,1260000,35.4,5.48,245.7
2023-10-11,Madurai,Suburban,840000,35.4,5.48,163.8
2023-10-12,Madurai,ALL,2100000,30.63,2.02,390.0
2023-10-12,Madurai,Urban,1260000,30.63,2.02,234.0
2023-10-12,Madurai,Suburban,840000,30.63,2.02,156.0
2023-10-13,Madurai,ALL,2100000,32.42,1.05,409.5
2023-10-13,Madurai,Urban,1260000,32.42,1.05,245.7
2023-10-13,Madurai,Suburban,840000,32.42,1.05,163.8
2023-10-14,Madurai,ALL,2100000,31.43,4.01,390.0
2023-10-14,Madurai,Urban,1260000,31.43,4.01,234.0
2023-10-14,Madurai,Suburban,840000,31.43,4.01,156.0
2023-10-15,Madurai,ALL,2100000,33.18,8.52,409.5
2023-10-15,Madurai,Urban,1260000,33.18,8.52,245.7
2023-10-15,Madurai,Suburban,840000,33.18,8.52,163.8
2023-10-16,Madurai,ALL,2100000,31.18,1.98,390.0
2023-10-16,Madurai,Urban,1260000,31.18,1.98,234.0
2023-10-16,Madurai,Suburban,840000,31.18,1.98,156.0
2023-10-17,Madurai,ALL,2100000,29.92,0.0,390.0
2023-10-17,Madurai,Urban,1260000,29.92,0.0,234.0
2023-10-17,Madurai,Suburban,840000,29.92,0.0,156.0
2023-10-18,Madurai,ALL,2100000,27.92,2.18,390.0
2023-10-18,Madurai,Urban,1260000,27.92,2.18,234.0
2023-10-18,Madurai,Suburban,840000,27.92,2.18,156.0
2023-10-19,Madurai,ALL,2100000,28.43,3.3,390.0
2023-10-19,Madurai,Urban,1260000,28.43,3.3,234.0
2023-10-19,Madurai,Suburban,840000,28.43,3.3,156.0
2023-10-20,Madurai,ALL,2100000,27.53,5.24,390.0
2023-10-20,Madurai,Urban,1260000,27.53,5.24,234.0
2023-10-20,Madurai,Suburban,840000,27.53,5.24,156.0
2023-10-21,Madurai,ALL,2100000,30.0,2.98,390.0
2023-10-21,Madurai,Urban,1260000,30.0,2.98,234.0
2023-10-21,Madurai,Suburban,840000,30.0,2.98,156.0
2023-10-22,Madurai,ALL,2100000,29.02,3.31,390.0
2023-10-22,Madurai,Urban,1260000,29.02,3.31,234.0
2023-10-22,Madurai,Suburban,840000,29.02,3.31,156.0
2023-10-23,Madurai,ALL,2100000,32.48,1.27,409.5
2023-10-23,Madurai,Urban,1260000,32.48,1.27,245.7
2023-10-23,Madurai,Suburban,840000,32.48,1.27,163.8
2023-10-24,Madurai,ALL,2100000,28.03,2.39,390.0
2023-10-24,Madurai,Urban,1260000,28.03,2.39,234.0
2023-10-24,Madurai,Suburban,840000,28.03,2.39,156.0
2023-10-25,Madurai,ALL,2100000,25.96,1.36,390.0
2023-10-25,Madurai,Urban,1260000,25.96,1.36,234.0
2023-10-25,Madurai,Suburban,840000,25.96,1.36,156.0
2023-10-26,Madurai,ALL,2100000,28.57,4.75,390.0
2023-10-26,Madurai,Urban,1260000,28.57,4.75,234.0
2023-10-26,Madurai,Suburban,840000,28.57,4.75,156.0
2023-10-27,Madurai,ALL,2100000,30.79,3.39,390.0
2023-10-27,Madurai,Urban,1260000,30.79,3.39,234.0
2023-10-27,Madurai,Suburban,840000,30.79,3.39,156.0
2023-10-28,Madurai,ALL,2100000,32.55,2.73,409.5
2023-10-28,Madurai,Urban,1260000,32.55,2.73,245.7
2023-10-28,Madurai,Suburban,840000,32.55,2.73,163.8
2023-10-29,Madurai,ALL,2100000,31.17,2.79,390.0
2023-10-29,Madurai,Urban,1260000,31.17,2.79,234.0
2023-10-29,Madurai,Suburban,840000,31.17,2.79,156.0
2023-10-30,Madurai,ALL,2100000,30.8,1.83,390.0
2023-10-30,Madurai,Urban,1260000,30.8,1.83,234.0
2023-10-30,Madurai,Suburban,840000,30.8,1.83,156.0
2023-10-31,Madurai,ALL,2100000,22.68,2.73,390.0
2023-10-31,Madurai,Urban,1260000,22.68,2.73,234.0
2023-10-31,Madurai,Suburban,840000,22.68,2.73,156.0
2023-11-01,Madurai,ALL,2100000,34.27,4.85,409.5
2023-11-01,Madurai,Urban,1260000,34.27,4.85,245.7
2023-11-01,Madurai,Suburban,840000,34.27,4.85,163.8
2023-11-02,Madurai,ALL,2100000,32.9,5.47,409.5
2023-11-02,Madurai,Urban,1260000,32.9,5.47,245.7
2023-11-02,Madurai,Suburban,840000,32.9,5.47,163.8
2023-11-03,Madurai,ALL,2100000,30.27,3.39,390.0
2023-11-03,Madurai,Urban,1260000,30.27,3.39,234.0
2023-11-03,Madurai,Suburban,840000,30.27,3.39,156.0
2023-11-04,Madurai,ALL,2100000,28.15,2.37,390.0
2023-11-04,Madurai,Urban,1260000,28.15,2.37,234.0
2023-11-04,Madurai,Suburban,840000,28.15,2.37,156.0
2023-11-05,Madurai,ALL,2100000,31.85,5.41,390.0
2023-11-05,Madurai,Urban,1260000,31.85,5.41,234.0
2023-11-05,Madurai,Suburban,840000,31.85,5.41,156.0
2023-11-06,Madurai,ALL,2100000,29.58,2.1,390.0
2023-11-06,Madurai,Urban,1260000,29.58,2.1,234.0
2023-11-06,Madurai,Suburban,840000,29.58,2.1,156.0
2023-11-07,Madurai,ALL,2100000,30.0,4.2,390.0
2023-11-07,Madurai,Urban,1260000,30.0,4.2,234.0
2023-11-07,Madurai,Suburban,840000,30.0,4.2,156.0
2023-11-08,Madurai,ALL,2100000,25.67,0.0,390.0
2023-11-08,Madurai,Urban,1260000,25.67,0.0,234.0
2023-11-08,Madurai,Suburban,840000,25.67,0.0,156.0
2023-11-09,Madurai,ALL,2100000,28.35,0.56,390.0
2023-11-09,Madurai,Urban,1260000,28.35,0.56,234.0
2023-11-09,Madurai,Suburban,840000,28.35,0.56,156.0
2023-11-10,Madurai,ALL,2100000,28.48,2.7,390.0
2023-11-10,Madurai,Urban,1260000,28.48,2.7,234.0
2023-11-10,Madurai,Suburban,840000,28.48,2.7,156.0
2023-11-11,Madurai,ALL,2100000,28.64,5.9,390.0
2023-11-11,Madurai,Urban,1260000,28.64,5.9,234.0
2023-11-11,Madurai,Suburban,840000,28.64,5.9,156.0
2023-11-12,Madurai,ALL,2100000,30.98,3.6,390.0
2023-11-12,Madurai,Urban,1260000,30.98,3.6,234.0
2023-11-12,Madurai,Suburban,840000,30.98,3.6,156.0
2023-11-13,Madurai,ALL,2100000,31.87,0.72,390.0
2023-11-13,Madurai,Urban,1260000,31.87,0.72,234.0
2023-11-13,Madurai,Suburban,840000,31.87,0.72,156.0
2023-11-14,Madurai,ALL,2100000,33.12,2.85,409.5
2023-11-14,Madurai,Urban,1260000,33.12,2.85,245.7
2023-11-14,Madurai,Suburban,840000,33.12,2.85,163.8
2023-11-15,Madurai,ALL,2100000,32.01,0.86,409.5
2023-11-15,Madurai,Urban,1260000,32.01,0.86,245.7
2023-11-15,Madurai,Suburban,840000,32.01,0.86,163.8
2023-11-16,Madurai,ALL,2100000,25.34,4.64,390.0
2023-11-16,Madurai,Urban,1260000,25.34,4.64,234.0
2023-11-16,Madurai,Suburban,840000,25.34,4.64,156.0
2023-11-17,Madurai,ALL,2100000,31.13,1.2,390.0
2023-11-17,Madurai,Urban,1260000,31.13,1.2,234.0
2023-11-17,Madurai,Suburban,840000,31.13,1.2,156.0
2023-11-18,Madurai,ALL,2100000,27.39,5.25,390.0
2023-11-18,Madurai,Urban,1260000,27.39,5.25,234.0
2023-11-18,Madurai,Suburban,840000,27.39,5.25,156.0
2023-11-19,Madurai,ALL,2100000,26.43,6.29,370.5
2023-11-19,Madurai,Urban,1260000,26.43,6.29,222.3
2023-11-19,Madurai,Suburban,840000,26.43,6.29,148.2
2023-11-20,Madurai,ALL,2100000,27.3,4.28,390.0
2023-11-20,Madurai,Urban,1260000,27.3,4.28,234.0
2023-11-20,Madurai,Suburban,840000,27.3,4.28,156.0
2023-11-21,Madurai,ALL,2100000,29.01,4.21,390.0
2023-11-21,Madurai,Urban,1260000,29.01,4.21,234.0
2023-11-21,Madurai,Suburban,840000,29.01,4.21,156.0
2023-11-22,Madurai,ALL,2100000,28.37,2.67,390.0
2023-11-22,Madurai,Urban,1260000,28.37,2.67,234.0
2023-11-22,Madurai,Suburban,840000,28.37,2.67,156.0
2023-11-23,Madurai,ALL,2100000,30.12,1.0,390.0
2023-11-23,Madurai,Urban,1260000,30.12,1.0,234.0
2023-11-23,Madurai,Suburban,840000,30.12,1.0,156.0
2023-11-24,Madurai,ALL,2100000,32.22,1.97,409.5
2023-11-24,Madurai,Urban,1260000,32.22,1.97,245.7
2023-11-24,Madurai,Suburban,840000,32.22,1.97,163.8
2023-11-25,Madurai,ALL,2100000,29.31,1.01,390.0
2023-11-25,Madurai,Urban,1260000,29.31,1.01,234.0
2023-11-25,Madurai,Suburban,840000,29.31,1.01,156.0
2023-11-26,Madurai,ALL,2100000,22.31,2.62,390.0
2023-11-26,Madurai,Urban,1260000,22.31,2.62,234.0
2023-11-26,Madurai,Suburban,840000,22.31,2.62,156.0
2023-11-27,Madurai,ALL,2100000,37.24,4.57,409.5
2023-11-27,Madurai,Urban,1260000,37.24,4.57,245.7
2023-11-27,Madurai,Suburban,840000,37.24,4.57,163.8
2023-11-28,Madurai,ALL,2100000,29.94,2.47,390.0
2023-11-28,Madurai,Urban,1260000,29.94,2.47,234.0
2023-11-28,Madurai,Suburban,840000,29.94,2.47,156.0
2023-11-29,Madurai,ALL,2100000,30.07,4.09,390.0
2023-11-29,Madurai,Urban,1260000,30.07,4.09,234.0
2023-11-29,Madurai,Suburban,840000,30.07,4.09,156.0
2023-11-30,Madurai,ALL,2100000,26.46,5.23,390.0
2023-11-30,Madurai,Urban,1260000,26.46,5.23,234.0
2023-11-30,Madurai,Suburban,840000,26.46,5.23,156.0
2023-12-01,Madurai,ALL,2100000,32.15,4.44,409.5
2023-12-01,Madurai,Urban,1260000,32.15,4.44,245.7
2023-12-01,Madurai,Suburban,840000,32.15,4.44,163.8
2023-12-02,Madurai,ALL,2100000,31.32,3.04,390.0
2023-12-02,Madurai,Urban,1260000,31.32,3.04,234.0
2023-12-02,Madurai,Suburban,840000,31.32,3.04,156.0
2023-12-03,Madurai,ALL,2100000,32.02,4.18,409.5
2023-12-03,Madurai,Urban,1260000,32.02,4.18,245.7
2023-12-03,Madurai,Suburban,840000,32.02,4.18,163.8
2023-12-04,Madurai,ALL,2100000,28.94,1.85,390.0
2023-12-04,Madurai,Urban,1260000,28.94,1.85,234.0
2023-12-04,Madurai,Suburban,840000,28.94,1.85,156.0
2023-12-05,Madurai,ALL,2100000,30.31,6.1,370.5
2023-12-05,Madurai,Urban,1260000,30.31,6.1,222.3
2023-12-05,Madurai,Suburban,840000,30.31,6.1,148.2
2023-12-06,Madurai,ALL,2100000,26.28,0.06,390.0
2023-12-06,Madurai,Urban,1260000,26.28,0.06,234.0
2023-12-06,Madurai,Suburban,840000,26.28,0.06,156.0
2023-12-07,Madurai,ALL,2100000,30.49,3.1,390.0
2023-12-07,Madurai,Urban,1260000,30.49,3.1,234.0
2023-12-07,Madurai,Suburban,840000,30.49,3.1,156.0
2023-12-08,Madurai,ALL,2100000,30.52,3.49,390.0
2023-12-08,Madurai,Urban,1260000,30.52,3.49,234.0
2023-12-08,Madurai,Suburban,840000,30.52,3.49,156.0
2023-12-09,Madurai,ALL,2100000,29.33,5.98,390.0
2023-12-09,Madurai,Urban,1260000,29.33,5.98,234.0
2023-12-09,Madurai,Suburban,840000,29.33,5.98,156.0
2023-12-10,Madurai,ALL,2100000,25.2,1.34,390.0
2023-12-10,Madurai,Urban,1260000,25.2,1.34,234.0
2023-12-10,Madurai,Suburban,840000,25.2,1.34,156.0
2023-12-11,Madurai,ALL,2100000,29.69,0.0,390.0
2023-12-11,Madurai,Urban,1260000,29.69,0.0,234.0
2023-12-11,Madurai,Suburban,840000,29.69,0.0,156.0
2023-12-12,Madurai,ALL,2100000,29.47,6.32,370.5
2023-12-12,Madurai,Urban,1260000,29.47,6.32,222.3
2023-12-12,Madurai,Suburban,840000,29.47,6.32,148.2
2023-12-13,Madurai,ALL,2100000,30.06,3.46,390.0
2023-12-13,Madurai,Urban,1260000,30.06,3.46,234.0
2023-12-13,Madurai,Suburban,840000,30.06,3.46,156.0
2023-12-14,Madurai,ALL,2100000,26.22,1.77,390.0
2023-12-14,Madurai,Urban,1260000,26.22,1.77,234.0
2023-12-14,Madurai,Suburban,840000,26.22,1.77,156.0
2023-12-15,Madurai,ALL,2100000,28.87,2.36,390.0
2023-12-15,Madurai,Urban,1260000,28.87,2.36,234.0
2023-12-15,Madurai,Suburban,840000,28.87,2.36,156.0
2023-12-16,Madurai,ALL,2100000,33.84,4.12,409.5
2023-12-16,Madurai,Urban,1260000,33.84,4.12,245.7
2023-12-16,Madurai,Suburban,840000,33.84,4.12,163.8
2023-12-17,Madurai,ALL,2100000,26.67,3.49,390.0
2023-12-17,Madurai,Urban,1260000,26.67,3.49,234.0
2023-12-17,Madurai,Suburban,840000,26.67,3.49,156.0
2023-12-18,Madurai,ALL,2100000,31.49,5.28,390.0
2023-12-18,Madurai,Urban,1260000,31.49,5.28,234.0
2023-12-18,Madurai,Suburban,840000,31.49,5.28,156.0
2023-12-19,Madurai,ALL,2100000,34.74,0.97,409.5
2023-12-19,Madurai,Urban,1260000,34.74,0.97,245.7
2023-12-19,Madurai,Suburban,840000,34.74,0.97,163.8
2023-12-20,Madurai,ALL,2100000,27.57,0.48,390.0
2023-12-20,Madurai,Urban,1260000,27.57,0.48,234.0
2023-12-20,Madurai,Suburban,840000,27.57,0.48,156.0
2023-12-21,Madurai,ALL,2100000,29.3,3.93,390.0
2023-12-21,Madurai,Urban,1260000,29.3,3.93,234.0
2023-12-21,Madurai,Suburban,840000,29.3,3.93,156.0
2023-12-22,Madurai,ALL,2100000,32.96,2.85,409.5
2023-12-22,Madurai,Urban,1260000,32.96,2.85,245.7
2023-12-22,Madurai,Suburban,840000,32.96,2.85,163.8
2023-12-23,Madurai,ALL,2100000,29.04,3.3,390.0
2023-12-23,Madurai,Urban,1260000,29.04,3.3,234.0
2023-12-23,Madurai,Suburban,840000,29.04,3.3,156.0
2023-12-24,Madurai,ALL,2100000,27.49,7.18,370.5
2023-12-24,Madurai,Urban,1260000,27.49,7.18,222.3
2023-12-24,Madurai,Suburban,840000,27.49,7.18,148.2
2023-12-25,Madurai,ALL,2100000,25.18,3.37,390.0
2023-12-25,Madurai,Urban,1260000,25.18,3.37,234.0
2023-12-25,Madurai,Suburban,840000,25.18,3.37,156.0
2023-12-26,Madurai,ALL,2100000,36.07,3.01,409.5
2023-12-26,Madurai,Urban,1260000,36.07,3.01,245.7
2023-12-26,Madurai,Suburban,840000,36.07,3.01,163.8
2023-12-27,Madurai,ALL,2100000,29.43,2.29,390.0
2023-12-27,Madurai,Urban,1260000,29.43,2.29,234.0
2023-12-27,Madurai,Suburban,840000,29.43,2.29,156.0
2023-12-28,Madurai,ALL,2100000,29.46,5.75,390.0
2023-12-28,Madurai,Urban,1260000,29.46,5.75,234.0
2023-12-28,Madurai,Suburban,840000,29.46,5.75,156.0
2023-12-29,Madurai,ALL,2100000,23.36,6.07,370.5
2023-12-29,Madurai,Urban,1260000,23.36,6.07,222.3
2023-12-29,Madurai,Suburban,840000,23.36,6.07,148.2
2023-12-30,Madurai,ALL,2100000,25.73,2.47,390.0
2023-12-30,Madurai,Urban,1260000,25.73,2.47,234.0
2023-12-30,Madurai,Suburban,840000,25.73,2.47,156.0
2023-12-31,Madurai,ALL,2100000,28.71,4.18,390.0
2023-12-31,Madurai,Urban,1260000,28.71,4.18,234.0
2023-12-31,Madurai,Suburban,840000,28.71,4.18,156.0
